number,file,label,group,color
1,andalusian_match_declarative-broad-focus_Ana-lleva-el-abrigo.wav,*,1,Blue
2,andalusian_match_declarative-broad-focus_Daniel-iba-a-Bolivia.wav,*,1,Green
3,andalusian_match_declarative-broad-focus_David-leia-el-libro.wav,*,1,Magenta
4,andalusian_match_declarative-broad-focus_Emilio-ama-la-marcha.wav,*,1,Black
5,andalusian_match_declarative-broad-focus_Manuela-vende-el-carro.wav,*,1,Lime
6,andalusian_match_declarative-broad-focus_Maria-bebe-el-vino.wav,*,1,Purple
7,andalusian_match_declarative-broad-focus_Mariano-habla-del-tiempo.wav,*,1,Teal
8,andalusian_match_declarative-broad-focus_Marta-abre-el-regalo.wav,*,1,Navy
9,andalusian_match_declarative-narrow-focus_Ana-lleva-el-abrigo.wav,*,1,Pink
10,andalusian_match_declarative-narrow-focus_Daniel-iba-a-Bolivia.wav,*,1,Maroon
11,andalusian_match_declarative-narrow-focus_David-leia-el-libro.wav,*,1,Olive
12,andalusian_match_declarative-narrow-focus_Emilio-ama-la-marcha.wav,*,1,Grey
13,andalusian_match_declarative-narrow-focus_Manuela-vende-el-carro.wav,*,1,Red
14,andalusian_match_declarative-narrow-focus_Maria-bebe-el-vino.wav,*,1,Blue
15,andalusian_match_declarative-narrow-focus_Mariano-habla-del-tiempo.wav,*,1,Green
16,andalusian_match_declarative-narrow-focus_Marta-abre-el-regalo.wav,*,1,Magenta
17,andalusian_match_interrogative-partial-wh_Cuando-bebia-el-vino.wav,*,1,Black
18,andalusian_match_interrogative-partial-wh_Cuando-leia-el-libro.wav,*,1,Lime
19,andalusian_match_interrogative-partial-wh_Cuando-lleva-el-abrigo.wav,*,1,Purple
20,andalusian_match_interrogative-partial-wh_Cuando-vendia-el-carro.wav,*,1,Teal
21,andalusian_match_interrogative-partial-wh_Por-que-abre-el-regalo.wav,*,1,Navy
22,andalusian_match_interrogative-partial-wh_Por-que-ama-la-navidad.wav,*,1,Pink
23,andalusian_match_interrogative-partial-wh_Por-que-hablaba-del-agua.wav,*,1,Maroon
24,andalusian_match_interrogative-partial-wh_Por-que-iba-a-Bolivia.wav,*,1,Olive
25,andalusian_match_interrogative-total-yn_Ana-lleva-el-abrigo.wav,*,1,Grey
26,andalusian_match_interrogative-total-yn_Daniel-iba-a-Bolivia.wav,*,1,Red
27,andalusian_match_interrogative-total-yn_David-leia-el-libro.wav,*,1,Blue
28,andalusian_match_interrogative-total-yn_Emilio-ama-la-marcha.wav,*,1,Green
29,andalusian_match_interrogative-total-yn_Manuela-vende-el-carro.wav,*,1,Magenta
30,andalusian_match_interrogative-total-yn_Maria-bebe-el-vino.wav,*,1,Black
31,andalusian_match_interrogative-total-yn_Mariano-habla-del-tiempo.wav,*,1,Lime
32,andalusian_match_interrogative-total-yn_Marta-abre-el-regalo.wav,*,1,Purple
33,andalusian_mismatch_declarative-broad-focus_El-bebe-comia-muy-bien.wav,*,1,Teal
34,andalusian_mismatch_declarative-broad-focus_El-hombre-mira-la-luna.wav,*,1,Navy
35,andalusian_mismatch_declarative-broad-focus_El-nino-oye-el-rio.wav,*,1,Pink
36,andalusian_mismatch_declarative-broad-focus_La-maestra-vive-en-Paris.wav,*,1,Maroon
37,andalusian_mismatch_declarative-broad-focus_La-nina-lava-el-plato.wav,*,1,Olive
38,andalusian_mismatch_declarative-broad-focus_Mi-madre-come-la-fruta.wav,*,1,Grey
39,andalusian_mismatch_declarative-broad-focus_Mi-novio-viene-del-lago.wav,*,1,Red
40,andalusian_mismatch_declarative-broad-focus_Mi-tia-odia-la-lluvia.wav,*,1,Blue
41,andalusian_mismatch_declarative-narrow-focus_El-bebe-comia-muy-bien.wav,*,1,Green
42,andalusian_mismatch_declarative-narrow-focus_El-hombre-mira-la-luna.wav,*,1,Magenta
43,andalusian_mismatch_declarative-narrow-focus_El-nino-oye-el-rio.wav,*,1,Black
44,andalusian_mismatch_declarative-narrow-focus_La-maestra-vive-en-Paris.wav,*,1,Lime
45,andalusian_mismatch_declarative-narrow-focus_La-nina-lava-el-plato.wav,*,1,Purple
46,andalusian_mismatch_declarative-narrow-focus_Mi-madre-come-la-fruta.wav,*,1,Teal
47,andalusian_mismatch_declarative-narrow-focus_Mi-novio-viene-del-lago.wav,*,1,Navy
48,andalusian_mismatch_declarative-narrow-focus_Mi-tia-odia-la-lluvia.wav,*,1,Pink
49,andalusian_mismatch_interrogative-partial-wh_Cuando-comia-la-fruta.wav,*,1,Maroon
50,andalusian_mismatch_interrogative-partial-wh_Cuando-lavaba-el-plato.wav,*,1,Olive
51,andalusian_mismatch_interrogative-partial-wh_Cuando-miraba-la-luna.wav,*,1,Grey
52,andalusian_mismatch_interrogative-partial-wh_Por-que-desayuna-muy-bien.wav,*,1,Red
53,andalusian_mismatch_interrogative-partial-wh_Por-que-odiaba-la-lluvia.wav,*,1,Blue
54,andalusian_mismatch_interrogative-partial-wh_Por-que-oia-el-rio.wav,*,1,Green
55,andalusian_mismatch_interrogative-partial-wh_Por-que-venia-del-lago.wav,*,1,Magenta
56,andalusian_mismatch_interrogative-partial-wh_Por-que-vivia-en-Paris.wav,*,1,Black
57,andalusian_mismatch_interrogative-total-yn_El-bebe-comia-muy-bien.wav,*,1,Lime
58,andalusian_mismatch_interrogative-total-yn_El-hombre-mira-la-luna.wav,*,1,Purple
59,andalusian_mismatch_interrogative-total-yn_El-nino-oye-el-rio.wav,*,1,Teal
60,andalusian_mismatch_interrogative-total-yn_La-maestra-vive-en-Paris.wav,*,1,Navy
61,andalusian_mismatch_interrogative-total-yn_La-nina-lava-el-plato.wav,*,1,Pink
62,andalusian_mismatch_interrogative-total-yn_Mi-madre-come-la-fruta.wav,*,1,Maroon
63,andalusian_mismatch_interrogative-total-yn_Mi-novio-viene-del-lago.wav,*,1,Olive
64,andalusian_mismatch_interrogative-total-yn_Mi-tia-odia-la-lluvia.wav,*,1,Grey
65,andalusian_statement_filler_Alberto-nunca-se-afeita.wav,*,1,Red
66,argentine_match_declarative-broad-focus_Ana-lleva-el-abrigo.wav,*,1,Blue
67,argentine_match_declarative-broad-focus_Daniel-iba-a-Bolivia.wav,*,1,Green
68,argentine_match_declarative-broad-focus_David-leia-el-libro.wav,*,1,Magenta
69,argentine_match_declarative-broad-focus_Emilio-ama-la-marcha.wav,*,1,Black
70,argentine_match_declarative-broad-focus_Manuela-vende-el-carro.wav,*,1,Lime
71,argentine_match_declarative-broad-focus_Maria-bebe-el-vino.wav,*,1,Purple
72,argentine_match_declarative-broad-focus_Mariano-habla-del-tiempo.wav,*,1,Teal
73,argentine_match_declarative-broad-focus_Marta-abre-el-regalo.wav,*,1,Navy
74,argentine_match_declarative-narrow-focus_Ana-lleva-el-abrigo.wav,*,1,Pink
75,argentine_match_declarative-narrow-focus_Daniel-iba-a-Bolivia.wav,*,1,Maroon
76,argentine_match_declarative-narrow-focus_David-leia-el-libro.wav,*,1,Olive
77,argentine_match_declarative-narrow-focus_Emilio-ama-la-marcha.wav,*,1,Grey
78,argentine_match_declarative-narrow-focus_Manuela-vende-el-carro.wav,*,1,Red
79,argentine_match_declarative-narrow-focus_Maria-bebe-el-vino.wav,*,1,Blue
80,argentine_match_declarative-narrow-focus_Mariano-habla-del-tiempo.wav,*,1,Green
81,argentine_match_declarative-narrow-focus_Marta-abre-el-regalo.wav,*,1,Magenta
82,argentine_match_interrogative-partial-wh_Cuando-bebia-el-vino.wav,*,1,Black
83,argentine_match_interrogative-partial-wh_Cuando-leia-el-libro.wav,*,1,Lime
84,argentine_match_interrogative-partial-wh_Cuando-lleva-el-abrigo.wav,*,1,Purple
85,argentine_match_interrogative-partial-wh_Cuando-vendia-el-carro.wav,*,1,Teal
86,argentine_match_interrogative-partial-wh_Por-que-abre-el-regalo.wav,*,1,Navy
87,argentine_match_interrogative-partial-wh_Por-que-ama-la-navidad.wav,*,1,Pink
88,argentine_match_interrogative-partial-wh_Por-que-hablaba-del-agua.wav,*,1,Maroon
89,argentine_match_interrogative-partial-wh_Por-que-iba-a-Bolivia.wav,*,1,Olive
90,argentine_match_interrogative-total-yn_Ana-lleva-el-abrigo.wav,*,1,Grey
91,argentine_match_interrogative-total-yn_Daniel-iba-a-Bolivia.wav,*,1,Red
92,argentine_match_interrogative-total-yn_David-leia-el-libro.wav,*,1,Blue
93,argentine_match_interrogative-total-yn_Emilio-ama-la-marcha.wav,*,1,Green
94,argentine_match_interrogative-total-yn_Manuela-vende-el-carro.wav,*,1,Magenta
95,argentine_match_interrogative-total-yn_Maria-bebe-el-vino.wav,*,1,Black
96,argentine_match_interrogative-total-yn_Mariano-habla-del-tiempo.wav,*,1,Lime
97,argentine_match_interrogative-total-yn_Marta-abre-el-regalo.wav,*,1,Purple
98,argentine_mismatch_declarative-broad-focus_El-bebe-comia-muy-bien.wav,*,1,Teal
99,argentine_mismatch_declarative-broad-focus_El-hombre-mira-la-luna.wav,*,1,Navy
100,argentine_mismatch_declarative-broad-focus_El-nino-oye-el-rio.wav,*,1,Pink
101,argentine_mismatch_declarative-broad-focus_La-maestra-vive-en-Paris.wav,*,1,Maroon
102,argentine_mismatch_declarative-broad-focus_La-nina-lava-el-plato.wav,*,1,Olive
103,argentine_mismatch_declarative-broad-focus_Mi-madre-come-la-fruta.wav,*,1,Grey
104,argentine_mismatch_declarative-broad-focus_Mi-novio-viene-del-lago.wav,*,1,Red
105,argentine_mismatch_declarative-broad-focus_Mi-tia-odia-la-lluvia.wav,*,1,Blue
106,argentine_mismatch_declarative-narrow-focus_El-bebe-comia-muy-bien.wav,*,1,Green
107,argentine_mismatch_declarative-narrow-focus_El-hombre-mira-la-luna.wav,*,1,Magenta
108,argentine_mismatch_declarative-narrow-focus_El-nino-oye-el-rio.wav,*,1,Black
109,argentine_mismatch_declarative-narrow-focus_La-maestra-vive-en-Paris.wav,*,1,Lime
110,argentine_mismatch_declarative-narrow-focus_La-nina-lava-el-plato.wav,*,1,Purple
111,argentine_mismatch_declarative-narrow-focus_Mi-madre-come-la-fruta.wav,*,1,Teal
112,argentine_mismatch_declarative-narrow-focus_Mi-novio-viene-del-lago.wav,*,1,Navy
113,argentine_mismatch_declarative-narrow-focus_Mi-tia-odia-la-lluvia.wav,*,1,Pink
114,argentine_mismatch_interrogative-partial-wh_Cuando-comia-la-fruta.wav,*,1,Maroon
115,argentine_mismatch_interrogative-partial-wh_Cuando-lavaba-el-plato.wav,*,1,Olive
116,argentine_mismatch_interrogative-partial-wh_Cuando-miraba-la-luna.wav,*,1,Grey
117,argentine_mismatch_interrogative-partial-wh_Por-que-desayuna-muy-bien.wav,*,1,Red
118,argentine_mismatch_interrogative-partial-wh_Por-que-odiaba-la-lluvia.wav,*,1,Blue
119,argentine_mismatch_interrogative-partial-wh_Por-que-oia-el-rio.wav,*,1,Green
120,argentine_mismatch_interrogative-partial-wh_Por-que-venia-del-lago.wav,*,1,Magenta
121,argentine_mismatch_interrogative-partial-wh_Por-que-vivia-en-Paris.wav,*,1,Black
122,argentine_mismatch_interrogative-total-yn_El-bebe-comia-muy-bien.wav,*,1,Lime
123,argentine_mismatch_interrogative-total-yn_El-hombre-mira-la-luna.wav,*,1,Purple
124,argentine_mismatch_interrogative-total-yn_El-nino-oye-el-rio.wav,*,1,Teal
125,argentine_mismatch_interrogative-total-yn_La-maestra-vive-en-Paris.wav,*,1,Navy
126,argentine_mismatch_interrogative-total-yn_La-nina-lava-el-plato.wav,*,1,Pink
127,argentine_mismatch_interrogative-total-yn_Mi-madre-come-la-fruta.wav,*,1,Maroon
128,argentine_mismatch_interrogative-total-yn_Mi-novio-viene-del-lago.wav,*,1,Olive
129,argentine_mismatch_interrogative-total-yn_Mi-tia-odia-la-lluvia.wav,*,1,Grey
130,argentine_question_filler_Mi-vecino-habla-mucho.wav,*,1,Red
131,castilian_match_declarative-broad-focus_Ana-lleva-el-abrigo.wav,*,1,Blue
132,castilian_match_declarative-broad-focus_Daniel-iba-a-Bolivia.wav,*,1,Green
133,castilian_match_declarative-broad-focus_David-leia-el-libro.wav,*,1,Magenta
134,castilian_match_declarative-broad-focus_Emilio-ama-la-marcha.wav,*,1,Black
135,castilian_match_declarative-broad-focus_Manuela-vende-el-carro.wav,*,1,Lime
136,castilian_match_declarative-broad-focus_Maria-bebe-el-vino.wav,*,1,Purple
137,castilian_match_declarative-broad-focus_Mariano-habla-del-tiempo.wav,*,1,Teal
138,castilian_match_declarative-broad-focus_Marta-abre-el-regalo.wav,*,1,Navy
139,castilian_match_declarative-narrow-focus_Ana-lleva-el-abrigo.wav,*,1,Pink
140,castilian_match_declarative-narrow-focus_Daniel-iba-a-Bolivia.wav,*,1,Maroon
141,castilian_match_declarative-narrow-focus_David-leia-el-libro.wav,*,1,Olive
142,castilian_match_declarative-narrow-focus_Emilio-ama-la-marcha.wav,*,1,Grey
143,castilian_match_declarative-narrow-focus_Manuela-vende-el-carro.wav,*,1,Red
144,castilian_match_declarative-narrow-focus_Maria-bebe-el-vino.wav,*,1,Blue
145,castilian_match_declarative-narrow-focus_Mariano-habla-del-tiempo.wav,*,1,Green
146,castilian_match_declarative-narrow-focus_Marta-abre-el-regalo.wav,*,1,Magenta
147,castilian_match_interrogative-partial-wh_Cuando-bebia-el-vino.wav,*,1,Black
148,castilian_match_interrogative-partial-wh_Cuando-leia-el-libro.wav,*,1,Lime
149,castilian_match_interrogative-partial-wh_Cuando-lleva-el-abrigo.wav,*,1,Purple
150,castilian_match_interrogative-partial-wh_Cuando-vendia-el-carro.wav,*,1,Teal
151,castilian_match_interrogative-partial-wh_Por-que-abre-el-regalo.wav,*,1,Navy
152,castilian_match_interrogative-partial-wh_Por-que-ama-la-navidad.wav,*,1,Pink
153,castilian_match_interrogative-partial-wh_Por-que-hablaba-del-agua.wav,*,1,Maroon
154,castilian_match_interrogative-partial-wh_Por-que-iba-a-Bolivia.wav,*,1,Olive
155,castilian_match_interrogative-total-yn_Ana-lleva-el-abrigo.wav,*,1,Grey
156,castilian_match_interrogative-total-yn_Daniel-iba-a-Bolivia.wav,*,1,Red
157,castilian_match_interrogative-total-yn_David-leia-el-libro.wav,*,1,Blue
158,castilian_match_interrogative-total-yn_Emilio-ama-la-marcha.wav,*,1,Green
159,castilian_match_interrogative-total-yn_Manuela-vende-el-carro.wav,*,1,Magenta
160,castilian_match_interrogative-total-yn_Maria-bebe-el-vino.wav,*,1,Black
161,castilian_match_interrogative-total-yn_Mariano-habla-del-tiempo.wav,*,1,Lime
162,castilian_match_interrogative-total-yn_Marta-abre-el-regalo.wav,*,1,Purple
163,castilian_mismatch_declarative-broad-focus_El-bebe-comia-muy-bien.wav,*,1,Teal
164,castilian_mismatch_declarative-broad-focus_El-hombre-mira-la-luna.wav,*,1,Navy
165,castilian_mismatch_declarative-broad-focus_El-nino-oye-el-rio.wav,*,1,Pink
166,castilian_mismatch_declarative-broad-focus_La-maestra-vive-en-Paris.wav,*,1,Maroon
167,castilian_mismatch_declarative-broad-focus_La-nina-lava-el-plato.wav,*,1,Olive
168,castilian_mismatch_declarative-broad-focus_Mi-madre-come-la-fruta.wav,*,1,Grey
169,castilian_mismatch_declarative-broad-focus_Mi-novio-viene-del-lago.wav,*,1,Red
170,castilian_mismatch_declarative-broad-focus_Mi-tia-odia-la-lluvia.wav,*,1,Blue
171,castilian_mismatch_declarative-narrow-focus_El-bebe-comia-muy-bien.wav,*,1,Green
172,castilian_mismatch_declarative-narrow-focus_El-hombre-mira-la-luna.wav,*,1,Magenta
173,castilian_mismatch_declarative-narrow-focus_El-nino-oye-el-rio.wav,*,1,Black
174,castilian_mismatch_declarative-narrow-focus_La-maestra-vive-en-Paris.wav,*,1,Lime
175,castilian_mismatch_declarative-narrow-focus_La-nina-lava-el-plato.wav,*,1,Purple
176,castilian_mismatch_declarative-narrow-focus_Mi-madre-come-la-fruta.wav,*,1,Teal
177,castilian_mismatch_declarative-narrow-focus_Mi-novio-viene-del-lago.wav,*,1,Navy
178,castilian_mismatch_declarative-narrow-focus_Mi-tia-odia-la-lluvia.wav,*,1,Pink
179,castilian_mismatch_interrogative-partial-wh_Cuando-comia-la-fruta.wav,*,1,Maroon
180,castilian_mismatch_interrogative-partial-wh_Cuando-lavaba-el-plato.wav,*,1,Olive
181,castilian_mismatch_interrogative-partial-wh_Cuando-miraba-la-luna.wav,*,1,Grey
182,castilian_mismatch_interrogative-partial-wh_Por-que-desayuna-muy-bien.wav,*,1,Red
183,castilian_mismatch_interrogative-partial-wh_Por-que-odiaba-la-lluvia.wav,*,1,Blue
184,castilian_mismatch_interrogative-partial-wh_Por-que-oia-el-rio.wav,*,1,Green
185,castilian_mismatch_interrogative-partial-wh_Por-que-venia-del-lago.wav,*,1,Magenta
186,castilian_mismatch_interrogative-partial-wh_Por-que-vivia-en-Paris.wav,*,1,Black
187,castilian_mismatch_interrogative-total-yn_El-bebe-comia-muy-bien.wav,*,1,Lime
188,castilian_mismatch_interrogative-total-yn_El-hombre-mira-la-luna.wav,*,1,Purple
189,castilian_mismatch_interrogative-total-yn_El-nino-oye-el-rio.wav,*,1,Teal
190,castilian_mismatch_interrogative-total-yn_La-maestra-vive-en-Paris.wav,*,1,Navy
191,castilian_mismatch_interrogative-total-yn_La-nina-lava-el-plato.wav,*,1,Pink
192,castilian_mismatch_interrogative-total-yn_Mi-madre-come-la-fruta.wav,*,1,Maroon
193,castilian_mismatch_interrogative-total-yn_Mi-novio-viene-del-lago.wav,*,1,Olive
194,castilian_mismatch_interrogative-total-yn_Mi-tia-odia-la-lluvia.wav,*,1,Grey
195,castilian_question_filler_Mi-esposo-conoce-al-chico.wav,*,1,Red
196,chilean_match_declarative-broad-focus_Ana-lleva-el-abrigo.wav,*,1,Blue
197,chilean_match_declarative-broad-focus_Daniel-iba-a-Bolivia.wav,*,1,Green
198,chilean_match_declarative-broad-focus_David-leia-el-libro.wav,*,1,Magenta
199,chilean_match_declarative-broad-focus_Emilio-ama-la-marcha.wav,*,1,Black
200,chilean_match_declarative-broad-focus_Manuela-vende-el-carro.wav,*,1,Lime
201,chilean_match_declarative-broad-focus_Maria-bebe-el-vino.wav,*,1,Purple
202,chilean_match_declarative-broad-focus_Mariano-habla-del-tiempo.wav,*,1,Teal
203,chilean_match_declarative-broad-focus_Marta-abre-el-regalo.wav,*,1,Navy
204,chilean_match_declarative-narrow-focus_Ana-lleva-el-abrigo.wav,*,1,Pink
205,chilean_match_declarative-narrow-focus_Daniel-iba-a-Bolivia.wav,*,1,Maroon
206,chilean_match_declarative-narrow-focus_David-leia-el-libro.wav,*,1,Olive
207,chilean_match_declarative-narrow-focus_Emilio-ama-la-marcha.wav,*,1,Grey
208,chilean_match_declarative-narrow-focus_Manuela-vende-el-carro.wav,*,1,Red
209,chilean_match_declarative-narrow-focus_Maria-bebe-el-vino.wav,*,1,Blue
210,chilean_match_declarative-narrow-focus_Mariano-habla-del-tiempo.wav,*,1,Green
211,chilean_match_declarative-narrow-focus_Marta-abre-el-regalo.wav,*,1,Magenta
212,chilean_match_interrogative-partial-wh_Cuando-bebia-el-vino.wav,*,1,Black
213,chilean_match_interrogative-partial-wh_Cuando-leia-el-libro.wav,*,1,Lime
214,chilean_match_interrogative-partial-wh_Cuando-lleva-el-abrigo.wav,*,1,Purple
215,chilean_match_interrogative-partial-wh_Cuando-vendia-el-carro.wav,*,1,Teal
216,chilean_match_interrogative-partial-wh_Por-que-abre-el-regalo.wav,*,1,Navy
217,chilean_match_interrogative-partial-wh_Por-que-ama-la-navidad.wav,*,1,Pink
218,chilean_match_interrogative-partial-wh_Por-que-hablaba-del-agua.wav,*,1,Maroon
219,chilean_match_interrogative-partial-wh_Por-que-iba-a-Bolivia.wav,*,1,Olive
220,chilean_match_interrogative-total-yn_Ana-lleva-el-abrigo.wav,*,1,Grey
221,chilean_match_interrogative-total-yn_Daniel-iba-a-Bolivia.wav,*,1,Red
222,chilean_match_interrogative-total-yn_David-leia-el-libro.wav,*,1,Blue
223,chilean_match_interrogative-total-yn_Emilio-ama-la-marcha.wav,*,1,Green
224,chilean_match_interrogative-total-yn_Manuela-vende-el-carro.wav,*,1,Magenta
225,chilean_match_interrogative-total-yn_Maria-bebe-el-vino.wav,*,1,Black
226,chilean_match_interrogative-total-yn_Mariano-habla-del-tiempo.wav,*,1,Lime
227,chilean_match_interrogative-total-yn_Marta-abre-el-regalo.wav,*,1,Purple
228,chilean_mismatch_declarative-broad-focus_El-bebe-comia-muy-bien.wav,*,1,Teal
229,chilean_mismatch_declarative-broad-focus_El-hombre-mira-la-luna.wav,*,1,Navy
230,chilean_mismatch_declarative-broad-focus_El-nino-oye-el-rio.wav,*,1,Pink
231,chilean_mismatch_declarative-broad-focus_La-maestra-vive-en-Paris.wav,*,1,Maroon
232,chilean_mismatch_declarative-broad-focus_La-nina-lava-el-plato.wav,*,1,Olive
233,chilean_mismatch_declarative-broad-focus_Mi-madre-come-la-fruta.wav,*,1,Grey
234,chilean_mismatch_declarative-broad-focus_Mi-novio-viene-del-lago.wav,*,1,Red
235,chilean_mismatch_declarative-broad-focus_Mi-tia-odia-la-lluvia.wav,*,1,Blue
236,chilean_mismatch_declarative-narrow-focus_El-bebe-comia-muy-bien.wav,*,1,Green
237,chilean_mismatch_declarative-narrow-focus_El-hombre-mira-la-luna.wav,*,1,Magenta
238,chilean_mismatch_declarative-narrow-focus_El-nino-oye-el-rio.wav,*,1,Black
239,chilean_mismatch_declarative-narrow-focus_La-maestra-vive-en-Paris.wav,*,1,Lime
240,chilean_mismatch_declarative-narrow-focus_La-nina-lava-el-plato.wav,*,1,Purple
241,chilean_mismatch_declarative-narrow-focus_Mi-madre-come-la-fruta.wav,*,1,Teal
242,chilean_mismatch_declarative-narrow-focus_Mi-novio-viene-del-lago.wav,*,1,Navy
243,chilean_mismatch_declarative-narrow-focus_Mi-tia-odia-la-lluvia.wav,*,1,Pink
244,chilean_mismatch_interrogative-partial-wh_Cuando-comia-la-fruta.wav,*,1,Maroon
245,chilean_mismatch_interrogative-partial-wh_Cuando-lavaba-el-plato.wav,*,1,Olive
246,chilean_mismatch_interrogative-partial-wh_Cuando-miraba-la-luna.wav,*,1,Grey
247,chilean_mismatch_interrogative-partial-wh_Por-que-desayuna-muy-bien.wav,*,1,Red
248,chilean_mismatch_interrogative-partial-wh_Por-que-odiaba-la-lluvia.wav,*,1,Blue
249,chilean_mismatch_interrogative-partial-wh_Por-que-oia-el-rio.wav,*,1,Green
250,chilean_mismatch_interrogative-partial-wh_Por-que-venia-del-lago.wav,*,1,Magenta
251,chilean_mismatch_interrogative-partial-wh_Por-que-vivia-en-Paris.wav,*,1,Black
252,chilean_mismatch_interrogative-total-yn_El-bebe-comia-muy-bien.wav,*,1,Lime
253,chilean_mismatch_interrogative-total-yn_El-hombre-mira-la-luna.wav,*,1,Purple
254,chilean_mismatch_interrogative-total-yn_El-nino-oye-el-rio.wav,*,1,Teal
255,chilean_mismatch_interrogative-total-yn_La-maestra-vive-en-Paris.wav,*,1,Navy
256,chilean_mismatch_interrogative-total-yn_La-nina-lava-el-plato.wav,*,1,Pink
257,chilean_mismatch_interrogative-total-yn_Mi-madre-come-la-fruta.wav,*,1,Maroon
258,chilean_mismatch_interrogative-total-yn_Mi-novio-viene-del-lago.wav,*,1,Olive
259,chilean_mismatch_interrogative-total-yn_Mi-tia-odia-la-lluvia.wav,*,1,Grey
260,chilean_question_filler_Mi-padre-cantaba-bien.wav,*,1,Red
261,cuban_match_declarative-broad-focus_Ana-lleva-el-abrigo.wav,*,1,Blue
262,cuban_match_declarative-broad-focus_Daniel-iba-a-Bolivia.wav,*,1,Green
263,cuban_match_declarative-broad-focus_David-leia-el-libro.wav,*,1,Magenta
264,cuban_match_declarative-broad-focus_Emilio-ama-la-marcha.wav,*,1,Black
265,cuban_match_declarative-broad-focus_Manuela-vende-el-carro.wav,*,1,Lime
266,cuban_match_declarative-broad-focus_Maria-bebe-el-vino.wav,*,1,Purple
267,cuban_match_declarative-broad-focus_Mariano-habla-del-tiempo.wav,*,1,Teal
268,cuban_match_declarative-broad-focus_Marta-abre-el-regalo.wav,*,1,Navy
269,cuban_match_declarative-narrow-focus_Ana-lleva-el-abrigo.wav,*,1,Pink
270,cuban_match_declarative-narrow-focus_Daniel-iba-a-Bolivia.wav,*,1,Maroon
271,cuban_match_declarative-narrow-focus_David-leia-el-libro.wav,*,1,Olive
272,cuban_match_declarative-narrow-focus_Emilio-ama-la-marcha.wav,*,1,Grey
273,cuban_match_declarative-narrow-focus_Manuela-vende-el-carro.wav,*,1,Red
274,cuban_match_declarative-narrow-focus_Maria-bebe-el-vino.wav,*,1,Blue
275,cuban_match_declarative-narrow-focus_Mariano-habla-del-tiempo.wav,*,1,Green
276,cuban_match_declarative-narrow-focus_Marta-abre-el-regalo.wav,*,1,Magenta
277,cuban_match_interrogative-partial-wh_Cuando-bebia-el-vino.wav,*,1,Black
278,cuban_match_interrogative-partial-wh_Cuando-leia-el-libro.wav,*,1,Lime
279,cuban_match_interrogative-partial-wh_Cuando-lleva-el-abrigo.wav,*,1,Purple
280,cuban_match_interrogative-partial-wh_Cuando-vendia-el-carro.wav,*,1,Teal
281,cuban_match_interrogative-partial-wh_Por-que-abre-el-regalo.wav,*,1,Navy
282,cuban_match_interrogative-partial-wh_Por-que-ama-la-navidad.wav,*,1,Pink
283,cuban_match_interrogative-partial-wh_Por-que-hablaba-del-agua.wav,*,1,Maroon
284,cuban_match_interrogative-partial-wh_Por-que-iba-a-Bolivia.wav,*,1,Olive
285,cuban_match_interrogative-total-yn_Ana-lleva-el-abrigo.wav,*,1,Grey
286,cuban_match_interrogative-total-yn_Daniel-iba-a-Bolivia.wav,*,1,Red
287,cuban_match_interrogative-total-yn_David-leia-el-libro.wav,*,1,Blue
288,cuban_match_interrogative-total-yn_Emilio-ama-la-marcha.wav,*,1,Green
289,cuban_match_interrogative-total-yn_Manuela-vende-el-carro.wav,*,1,Magenta
290,cuban_match_interrogative-total-yn_Maria-bebe-el-vino.wav,*,1,Black
291,cuban_match_interrogative-total-yn_Mariano-habla-del-tiempo.wav,*,1,Lime
292,cuban_match_interrogative-total-yn_Marta-abre-el-regalo.wav,*,1,Purple
293,cuban_mismatch_declarative-broad-focus_El-bebe-comia-muy-bien.wav,*,1,Teal
294,cuban_mismatch_declarative-broad-focus_El-hombre-mira-la-luna.wav,*,1,Navy
295,cuban_mismatch_declarative-broad-focus_El-nino-oye-el-rio.wav,*,1,Pink
296,cuban_mismatch_declarative-broad-focus_La-maestra-vive-en-Paris.wav,*,1,Maroon
297,cuban_mismatch_declarative-broad-focus_La-nina-lava-el-plato.wav,*,1,Olive
298,cuban_mismatch_declarative-broad-focus_Mi-madre-come-la-fruta.wav,*,1,Grey
299,cuban_mismatch_declarative-broad-focus_Mi-novio-viene-del-lago.wav,*,1,Red
300,cuban_mismatch_declarative-broad-focus_Mi-tia-odia-la-lluvia.wav,*,1,Blue
301,cuban_mismatch_declarative-narrow-focus_El-bebe-comia-muy-bien.wav,*,1,Green
302,cuban_mismatch_declarative-narrow-focus_El-hombre-mira-la-luna.wav,*,1,Magenta
303,cuban_mismatch_declarative-narrow-focus_El-nino-oye-el-rio.wav,*,1,Black
304,cuban_mismatch_declarative-narrow-focus_La-maestra-vive-en-Paris.wav,*,1,Lime
305,cuban_mismatch_declarative-narrow-focus_La-nina-lava-el-plato.wav,*,1,Purple
306,cuban_mismatch_declarative-narrow-focus_Mi-madre-come-la-fruta.wav,*,1,Teal
307,cuban_mismatch_declarative-narrow-focus_Mi-novio-viene-del-lago.wav,*,1,Navy
308,cuban_mismatch_declarative-narrow-focus_Mi-tia-odia-la-lluvia.wav,*,1,Pink
309,cuban_mismatch_interrogative-partial-wh_Cuando-comia-la-fruta.wav,*,1,Maroon
310,cuban_mismatch_interrogative-partial-wh_Cuando-lavaba-el-plato.wav,*,1,Olive
311,cuban_mismatch_interrogative-partial-wh_Cuando-miraba-la-luna.wav,*,1,Grey
312,cuban_mismatch_interrogative-partial-wh_Por-que-desayuna-muy-bien.wav,*,1,Red
313,cuban_mismatch_interrogative-partial-wh_Por-que-odiaba-la-lluvia.wav,*,1,Blue
314,cuban_mismatch_interrogative-partial-wh_Por-que-oia-el-rio.wav,*,1,Green
315,cuban_mismatch_interrogative-partial-wh_Por-que-venia-del-lago.wav,*,1,Magenta
316,cuban_mismatch_interrogative-partial-wh_Por-que-vivia-en-Paris.wav,*,1,Black
317,cuban_mismatch_interrogative-total-yn_El-bebe-comia-muy-bien.wav,*,1,Lime
318,cuban_mismatch_interrogative-total-yn_El-hombre-mira-la-luna.wav,*,1,Purple
319,cuban_mismatch_interrogative-total-yn_El-nino-oye-el-rio.wav,*,1,Teal
320,cuban_mismatch_interrogative-total-yn_La-maestra-vive-en-Paris.wav,*,1,Navy
321,cuban_mismatch_interrogative-total-yn_La-nina-lava-el-plato.wav,*,1,Pink
322,cuban_mismatch_interrogative-total-yn_Mi-madre-come-la-fruta.wav,*,1,Maroon
323,cuban_mismatch_interrogative-total-yn_Mi-novio-viene-del-lago.wav,*,1,Olive
324,cuban_mismatch_interrogative-total-yn_Mi-tia-odia-la-lluvia.wav,*,1,Grey
325,cuban_statement_filler_Cocinabas-por-la-noche.wav,*,1,Red
326,mexican_match_declarative-broad-focus_Ana-lleva-el-abrigo.wav,*,1,Blue
327,mexican_match_declarative-broad-focus_Daniel-iba-a-Bolivia.wav,*,1,Green
328,mexican_match_declarative-broad-focus_David-leia-el-libro.wav,*,1,Magenta
329,mexican_match_declarative-broad-focus_Emilio-ama-la-marcha.wav,*,1,Black
330,mexican_match_declarative-broad-focus_Manuela-vende-el-carro.wav,*,1,Lime
331,mexican_match_declarative-broad-focus_Maria-bebe-el-vino.wav,*,1,Purple
332,mexican_match_declarative-broad-focus_Mariano-habla-del-tiempo.wav,*,1,Teal
333,mexican_match_declarative-broad-focus_Marta-abre-el-regalo.wav,*,1,Navy
334,mexican_match_declarative-narrow-focus_Ana-lleva-el-abrigo.wav,*,1,Pink
335,mexican_match_declarative-narrow-focus_Daniel-iba-a-Bolivia.wav,*,1,Maroon
336,mexican_match_declarative-narrow-focus_David-leia-el-libro.wav,*,1,Olive
337,mexican_match_declarative-narrow-focus_Emilio-ama-la-marcha.wav,*,1,Grey
338,mexican_match_declarative-narrow-focus_Manuela-vende-el-carro.wav,*,1,Red
339,mexican_match_declarative-narrow-focus_Maria-bebe-el-vino.wav,*,1,Blue
340,mexican_match_declarative-narrow-focus_Mariano-habla-del-tiempo.wav,*,1,Green
341,mexican_match_declarative-narrow-focus_Marta-abre-el-regalo.wav,*,1,Magenta
342,mexican_match_interrogative-partial-wh_Cuando-bebia-el-vino.wav,*,1,Black
343,mexican_match_interrogative-partial-wh_Cuando-leia-el-libro.wav,*,1,Lime
344,mexican_match_interrogative-partial-wh_Cuando-lleva-el-abrigo.wav,*,1,Purple
345,mexican_match_interrogative-partial-wh_Cuando-vendia-el-carro.wav,*,1,Teal
346,mexican_match_interrogative-partial-wh_Por-que-abre-el-regalo.wav,*,1,Navy
347,mexican_match_interrogative-partial-wh_Por-que-ama-la-navidad.wav,*,1,Pink
348,mexican_match_interrogative-partial-wh_Por-que-hablaba-del-agua.wav,*,1,Maroon
349,mexican_match_interrogative-partial-wh_Por-que-iba-a-Bolivia.wav,*,1,Olive
350,mexican_match_interrogative-total-yn_Ana-lleva-el-abrigo.wav,*,1,Grey
351,mexican_match_interrogative-total-yn_Daniel-iba-a-Bolivia.wav,*,1,Red
352,mexican_match_interrogative-total-yn_David-leia-el-libro.wav,*,1,Blue
353,mexican_match_interrogative-total-yn_Emilio-ama-la-marcha.wav,*,1,Green
354,mexican_match_interrogative-total-yn_Manuela-vende-el-carro.wav,*,1,Magenta
355,mexican_match_interrogative-total-yn_Maria-bebe-el-vino.wav,*,1,Black
356,mexican_match_interrogative-total-yn_Mariano-habla-del-tiempo.wav,*,1,Lime
357,mexican_match_interrogative-total-yn_Marta-abre-el-regalo.wav,*,1,Purple
358,mexican_mismatch_declarative-broad-focus_El-bebe-comia-muy-bien.wav,*,1,Teal
359,mexican_mismatch_declarative-broad-focus_El-hombre-mira-la-luna.wav,*,1,Navy
360,mexican_mismatch_declarative-broad-focus_El-nino-oye-el-rio.wav,*,1,Pink
361,mexican_mismatch_declarative-broad-focus_La-maestra-vive-en-Paris.wav,*,1,Maroon
362,mexican_mismatch_declarative-broad-focus_La-nina-lava-el-plato.wav,*,1,Olive
363,mexican_mismatch_declarative-broad-focus_Mi-madre-come-la-fruta.wav,*,1,Grey
364,mexican_mismatch_declarative-broad-focus_Mi-novio-viene-del-lago.wav,*,1,Red
365,mexican_mismatch_declarative-broad-focus_Mi-tia-odia-la-lluvia.wav,*,1,Blue
366,mexican_mismatch_declarative-narrow-focus_El-bebe-comia-muy-bien.wav,*,1,Green
367,mexican_mismatch_declarative-narrow-focus_El-hombre-mira-la-luna.wav,*,1,Magenta
368,mexican_mismatch_declarative-narrow-focus_El-nino-oye-el-rio.wav,*,1,Black
369,mexican_mismatch_declarative-narrow-focus_La-maestra-vive-en-Paris.wav,*,1,Lime
370,mexican_mismatch_declarative-narrow-focus_La-nina-lava-el-plato.wav,*,1,Purple
371,mexican_mismatch_declarative-narrow-focus_Mi-madre-come-la-fruta.wav,*,1,Teal
372,mexican_mismatch_declarative-narrow-focus_Mi-novio-viene-del-lago.wav,*,1,Navy
373,mexican_mismatch_declarative-narrow-focus_Mi-tia-odia-la-lluvia.wav,*,1,Pink
374,mexican_mismatch_interrogative-partial-wh_Cuando-comia-la-fruta.wav,*,1,Maroon
375,mexican_mismatch_interrogative-partial-wh_Cuando-lavaba-el-plato.wav,*,1,Olive
376,mexican_mismatch_interrogative-partial-wh_Cuando-miraba-la-luna.wav,*,1,Grey
377,mexican_mismatch_interrogative-partial-wh_Por-que-desayuna-muy-bien.wav,*,1,Red
378,mexican_mismatch_interrogative-partial-wh_Por-que-odiaba-la-lluvia.wav,*,1,Blue
379,mexican_mismatch_interrogative-partial-wh_Por-que-oia-el-rio.wav,*,1,Green
380,mexican_mismatch_interrogative-partial-wh_Por-que-venia-del-lago.wav,*,1,Magenta
381,mexican_mismatch_interrogative-partial-wh_Por-que-vivia-en-Paris.wav,*,1,Black
382,mexican_mismatch_interrogative-total-yn_El-bebe-comia-muy-bien.wav,*,1,Lime
383,mexican_mismatch_interrogative-total-yn_El-hombre-mira-la-luna.wav,*,1,Purple
384,mexican_mismatch_interrogative-total-yn_El-nino-oye-el-rio.wav,*,1,Teal
385,mexican_mismatch_interrogative-total-yn_La-maestra-vive-en-Paris.wav,*,1,Navy
386,mexican_mismatch_interrogative-total-yn_La-nina-lava-el-plato.wav,*,1,Pink
387,mexican_mismatch_interrogative-total-yn_Mi-madre-come-la-fruta.wav,*,1,Maroon
388,mexican_mismatch_interrogative-total-yn_Mi-novio-viene-del-lago.wav,*,1,Olive
389,mexican_mismatch_interrogative-total-yn_Mi-tia-odia-la-lluvia.wav,*,1,Grey
390,mexican_question_filler_Felipe-no-tiene-contrasena.wav,*,1,Red
391,peruvian_match_declarative-broad-focus_Ana-lleva-el-abrigo.wav,*,1,Blue
392,peruvian_match_declarative-broad-focus_Daniel-iba-a-Bolivia.wav,*,1,Green
393,peruvian_match_declarative-broad-focus_David-leia-el-libro.wav,*,1,Magenta
394,peruvian_match_declarative-broad-focus_Emilio-ama-la-marcha.wav,*,1,Black
395,peruvian_match_declarative-broad-focus_Manuela-vende-el-carro.wav,*,1,Lime
396,peruvian_match_declarative-broad-focus_Maria-bebe-el-vino.wav,*,1,Purple
397,peruvian_match_declarative-broad-focus_Mariano-habla-del-tiempo.wav,*,1,Teal
398,peruvian_match_declarative-broad-focus_Marta-abre-el-regalo.wav,*,1,Navy
399,peruvian_match_declarative-narrow-focus_Ana-lleva-el-abrigo.wav,*,1,Pink
400,peruvian_match_declarative-narrow-focus_Daniel-iba-a-Bolivia.wav,*,1,Maroon
401,peruvian_match_declarative-narrow-focus_David-leia-el-libro.wav,*,1,Olive
402,peruvian_match_declarative-narrow-focus_Emilio-ama-la-marcha.wav,*,1,Grey
403,peruvian_match_declarative-narrow-focus_Manuela-vende-el-carro.wav,*,1,Red
404,peruvian_match_declarative-narrow-focus_Maria-bebe-el-vino.wav,*,1,Blue
405,peruvian_match_declarative-narrow-focus_Mariano-habla-del-tiempo.wav,*,1,Green
406,peruvian_match_declarative-narrow-focus_Marta-abre-el-regalo.wav,*,1,Magenta
407,peruvian_match_interrogative-partial-wh_Cuando-bebia-el-vino.wav,*,1,Black
408,peruvian_match_interrogative-partial-wh_Cuando-leia-el-libro.wav,*,1,Lime
409,peruvian_match_interrogative-partial-wh_Cuando-lleva-el-abrigo.wav,*,1,Purple
410,peruvian_match_interrogative-partial-wh_Cuando-vendia-el-carro.wav,*,1,Teal
411,peruvian_match_interrogative-partial-wh_Por-que-abre-el-regalo.wav,*,1,Navy
412,peruvian_match_interrogative-partial-wh_Por-que-ama-la-navidad.wav,*,1,Pink
413,peruvian_match_interrogative-partial-wh_Por-que-hablaba-del-agua.wav,*,1,Maroon
414,peruvian_match_interrogative-partial-wh_Por-que-iba-a-Bolivia.wav,*,1,Olive
415,peruvian_match_interrogative-total-yn_Ana-lleva-el-abrigo.wav,*,1,Grey
416,peruvian_match_interrogative-total-yn_Daniel-iba-a-Bolivia.wav,*,1,Red
417,peruvian_match_interrogative-total-yn_David-leia-el-libro.wav,*,1,Blue
418,peruvian_match_interrogative-total-yn_Emilio-ama-la-marcha.wav,*,1,Green
419,peruvian_match_interrogative-total-yn_Manuela-vende-el-carro.wav,*,1,Magenta
420,peruvian_match_interrogative-total-yn_Maria-bebe-el-vino.wav,*,1,Black
421,peruvian_match_interrogative-total-yn_Mariano-habla-del-tiempo.wav,*,1,Lime
422,peruvian_match_interrogative-total-yn_Marta-abre-el-regalo.wav,*,1,Purple
423,peruvian_mismatch_declarative-broad-focus_El-bebe-comia-muy-bien.wav,*,1,Teal
424,peruvian_mismatch_declarative-broad-focus_El-hombre-mira-la-luna.wav,*,1,Navy
425,peruvian_mismatch_declarative-broad-focus_El-nino-oye-el-rio.wav,*,1,Pink
426,peruvian_mismatch_declarative-broad-focus_La-maestra-vive-en-Paris.wav,*,1,Maroon
427,peruvian_mismatch_declarative-broad-focus_La-nina-lava-el-plato.wav,*,1,Olive
428,peruvian_mismatch_declarative-broad-focus_Mi-madre-come-la-fruta.wav,*,1,Grey
429,peruvian_mismatch_declarative-broad-focus_Mi-novio-viene-del-lago.wav,*,1,Red
430,peruvian_mismatch_declarative-broad-focus_Mi-tia-odia-la-lluvia.wav,*,1,Blue
431,peruvian_mismatch_declarative-narrow-focus_El-bebe-comia-muy-bien.wav,*,1,Green
432,peruvian_mismatch_declarative-narrow-focus_El-hombre-mira-la-luna.wav,*,1,Magenta
433,peruvian_mismatch_declarative-narrow-focus_El-nino-oye-el-rio.wav,*,1,Black
434,peruvian_mismatch_declarative-narrow-focus_La-maestra-vive-en-Paris.wav,*,1,Lime
435,peruvian_mismatch_declarative-narrow-focus_La-nina-lava-el-plato.wav,*,1,Purple
436,peruvian_mismatch_declarative-narrow-focus_Mi-madre-come-la-fruta.wav,*,1,Teal
437,peruvian_mismatch_declarative-narrow-focus_Mi-novio-viene-del-lago.wav,*,1,Navy
438,peruvian_mismatch_declarative-narrow-focus_Mi-tia-odia-la-lluvia.wav,*,1,Pink
439,peruvian_mismatch_interrogative-partial-wh_Cuando-comia-la-fruta.wav,*,1,Maroon
440,peruvian_mismatch_interrogative-partial-wh_Cuando-lavaba-el-plato.wav,*,1,Olive
441,peruvian_mismatch_interrogative-partial-wh_Cuando-miraba-la-luna.wav,*,1,Grey
442,peruvian_mismatch_interrogative-partial-wh_Por-que-desayuna-muy-bien.wav,*,1,Red
443,peruvian_mismatch_interrogative-partial-wh_Por-que-odiaba-la-lluvia.wav,*,1,Blue
444,peruvian_mismatch_interrogative-partial-wh_Por-que-oia-el-rio.wav,*,1,Green
445,peruvian_mismatch_interrogative-partial-wh_Por-que-venia-del-lago.wav,*,1,Magenta
446,peruvian_mismatch_interrogative-partial-wh_Por-que-vivia-en-Paris.wav,*,1,Black
447,peruvian_mismatch_interrogative-total-yn_El-bebe-comia-muy-bien.wav,*,1,Lime
448,peruvian_mismatch_interrogative-total-yn_El-hombre-mira-la-luna.wav,*,1,Purple
449,peruvian_mismatch_interrogative-total-yn_El-nino-oye-el-rio.wav,*,1,Teal
450,peruvian_mismatch_interrogative-total-yn_La-maestra-vive-en-Paris.wav,*,1,Navy
451,peruvian_mismatch_interrogative-total-yn_La-nina-lava-el-plato.wav,*,1,Pink
452,peruvian_mismatch_interrogative-total-yn_Mi-madre-come-la-fruta.wav,*,1,Maroon
453,peruvian_mismatch_interrogative-total-yn_Mi-novio-viene-del-lago.wav,*,1,Olive
454,peruvian_mismatch_interrogative-total-yn_Mi-tia-odia-la-lluvia.wav,*,1,Grey
455,peruvian_statement_filler_El-nino-habla-con-su-madre.wav,*,1,Red
456,puertorican_match_declarative-broad-focus_Ana-lleva-el-abrigo.wav,*,1,Blue
457,puertorican_match_declarative-broad-focus_Daniel-iba-a-Bolivia.wav,*,1,Green
458,puertorican_match_declarative-broad-focus_David-leia-el-libro.wav,*,1,Magenta
459,puertorican_match_declarative-broad-focus_Emilio-ama-la-marcha.wav,*,1,Black
460,puertorican_match_declarative-broad-focus_Manuela-vende-el-carro.wav,*,1,Lime
461,puertorican_match_declarative-broad-focus_Maria-bebe-el-vino.wav,*,1,Purple
462,puertorican_match_declarative-broad-focus_Mariano-habla-del-tiempo.wav,*,1,Teal
463,puertorican_match_declarative-broad-focus_Marta-abre-el-regalo.wav,*,1,Navy
464,puertorican_match_declarative-narrow-focus_Ana-lleva-el-abrigo.wav,*,1,Pink
465,puertorican_match_declarative-narrow-focus_Daniel-iba-a-Bolivia.wav,*,1,Maroon
466,puertorican_match_declarative-narrow-focus_David-leia-el-libro.wav,*,1,Olive
467,puertorican_match_declarative-narrow-focus_Emilio-ama-la-marcha.wav,*,1,Grey
468,puertorican_match_declarative-narrow-focus_Manuela-vende-el-carro.wav,*,1,Red
469,puertorican_match_declarative-narrow-focus_Maria-bebe-el-vino.wav,*,1,Blue
470,puertorican_match_declarative-narrow-focus_Mariano-habla-del-tiempo.wav,*,1,Green
471,puertorican_match_declarative-narrow-focus_Marta-abre-el-regalo.wav,*,1,Magenta
472,puertorican_match_interrogative-partial-wh_Cuando-bebia-el-vino.wav,*,1,Black
473,puertorican_match_interrogative-partial-wh_Cuando-leia-el-libro.wav,*,1,Lime
474,puertorican_match_interrogative-partial-wh_Cuando-lleva-el-abrigo.wav,*,1,Purple
475,puertorican_match_interrogative-partial-wh_Cuando-vendia-el-carro.wav,*,1,Teal
476,puertorican_match_interrogative-partial-wh_Por-que-abre-el-regalo.wav,*,1,Navy
477,puertorican_match_interrogative-partial-wh_Por-que-ama-la-navidad.wav,*,1,Pink
478,puertorican_match_interrogative-partial-wh_Por-que-hablaba-del-agua.wav,*,1,Maroon
479,puertorican_match_interrogative-partial-wh_Por-que-iba-a-Bolivia.wav,*,1,Olive
480,puertorican_match_interrogative-total-yn_Ana-lleva-el-abrigo.wav,*,1,Grey
481,puertorican_match_interrogative-total-yn_Daniel-iba-a-Bolivia.wav,*,1,Red
482,puertorican_match_interrogative-total-yn_David-leia-el-libro.wav,*,1,Blue
483,puertorican_match_interrogative-total-yn_Emilio-ama-la-marcha.wav,*,1,Green
484,puertorican_match_interrogative-total-yn_Manuela-vende-el-carro.wav,*,1,Magenta
485,puertorican_match_interrogative-total-yn_Maria-bebe-el-vino.wav,*,1,Black
486,puertorican_match_interrogative-total-yn_Mariano-habla-del-tiempo.wav,*,1,Lime
487,puertorican_match_interrogative-total-yn_Marta-abre-el-regalo.wav,*,1,Purple
488,puertorican_mismatch_declarative-broad-focus_El-bebe-comia-muy-bien.wav,*,1,Teal
489,puertorican_mismatch_declarative-broad-focus_El-hombre-mira-la-luna.wav,*,1,Navy
490,puertorican_mismatch_declarative-broad-focus_El-nino-oye-el-rio.wav,*,1,Pink
491,puertorican_mismatch_declarative-broad-focus_La-maestra-vive-en-Paris.wav,*,1,Maroon
492,puertorican_mismatch_declarative-broad-focus_La-nina-lava-el-plato.wav,*,1,Olive
493,puertorican_mismatch_declarative-broad-focus_Mi-madre-come-la-fruta.wav,*,1,Grey
494,puertorican_mismatch_declarative-broad-focus_Mi-novio-viene-del-lago.wav,*,1,Red
495,puertorican_mismatch_declarative-broad-focus_Mi-tia-odia-la-lluvia.wav,*,1,Blue
496,puertorican_mismatch_declarative-narrow-focus_El-bebe-comia-muy-bien.wav,*,1,Green
497,puertorican_mismatch_declarative-narrow-focus_El-hombre-mira-la-luna.wav,*,1,Magenta
498,puertorican_mismatch_declarative-narrow-focus_El-nino-oye-el-rio.wav,*,1,Black
499,puertorican_mismatch_declarative-narrow-focus_La-maestra-vive-en-Paris.wav,*,1,Lime
500,puertorican_mismatch_declarative-narrow-focus_La-nina-lava-el-plato.wav,*,1,Purple
501,puertorican_mismatch_declarative-narrow-focus_Mi-madre-come-la-fruta.wav,*,1,Teal
502,puertorican_mismatch_declarative-narrow-focus_Mi-novio-viene-del-lago.wav,*,1,Navy
503,puertorican_mismatch_declarative-narrow-focus_Mi-tia-odia-la-lluvia.wav,*,1,Pink
504,puertorican_mismatch_interrogative-partial-wh_Cuando-comia-la-fruta.wav,*,1,Maroon
505,puertorican_mismatch_interrogative-partial-wh_Cuando-lavaba-el-plato.wav,*,1,Olive
506,puertorican_mismatch_interrogative-partial-wh_Cuando-miraba-la-luna.wav,*,1,Grey
507,puertorican_mismatch_interrogative-partial-wh_Por-que-desayuna-muy-bien.wav,*,1,Red
508,puertorican_mismatch_interrogative-partial-wh_Por-que-odiaba-la-lluvia.wav,*,1,Blue
509,puertorican_mismatch_interrogative-partial-wh_Por-que-oia-el-rio.wav,*,1,Green
510,puertorican_mismatch_interrogative-partial-wh_Por-que-venia-del-lago.wav,*,1,Magenta
511,puertorican_mismatch_interrogative-partial-wh_Por-que-vivia-en-Paris.wav,*,1,Black
512,puertorican_mismatch_interrogative-total-yn_El-bebe-comia-muy-bien.wav,*,1,Lime
513,puertorican_mismatch_interrogative-total-yn_El-hombre-mira-la-luna.wav,*,1,Purple
514,puertorican_mismatch_interrogative-total-yn_El-nino-oye-el-rio.wav,*,1,Teal
515,puertorican_mismatch_interrogative-total-yn_La-maestra-vive-en-Paris.wav,*,1,Navy
516,puertorican_mismatch_interrogative-total-yn_La-nina-lava-el-plato.wav,*,1,Pink
517,puertorican_mismatch_interrogative-total-yn_Mi-madre-come-la-fruta.wav,*,1,Maroon
518,puertorican_mismatch_interrogative-total-yn_Mi-novio-viene-del-lago.wav,*,1,Olive
519,puertorican_mismatch_interrogative-total-yn_Mi-tia-odia-la-lluvia.wav,*,1,Grey
520,puertorican_statement_filler_La-nina-pinta-con-su-amiga.wav,*,1,Red
