file,c11,c21,c31,c12,c22,c32,c13,c23,c33,c14,c24,c34,c15,c25,c35,c16,c26,c36
andalusian_match_declarative-broad-focus_Ana-lleva-el-abrigo,615.7,1783.8,2787.4,106.7,28,-13.1,149.1,-18.3,119.3,-22.7,13.5,96.5,60,19.8,67.4,-126.3,8.5,50.6
andalusian_match_declarative-broad-focus_Daniel-iba-a-Bolivia,585.2,1963.6,2904.1,125.3,103.6,109.3,68.3,98.2,-43.3,74.6,-278.8,-5.5,64.9,141.2,32.6,-96,385.5,93.1
andalusian_match_declarative-broad-focus_David-leia-el-libro,514.2,2108.2,2949.2,-23.5,80.2,39.8,146.8,-270.7,-38.8,-65.2,-136.3,-78,91.3,92.3,91.9,-61.1,96.6,21.9
andalusian_match_declarative-broad-focus_Emilio-ama-la-marcha,571.8,1413.8,2163.3,-163.5,0.8,83.1,41.3,321.7,461.1,-74.1,-4.7,-63.3,29.5,-0.4,-126.9,19.7,52.9,-117.6
andalusian_match_declarative-broad-focus_Manuela-vende-el-carro,661.9,1782.1,2706.7,-81.7,-78,69.4,181.4,-53.8,67.5,-98.3,169.2,172.5,20,121,105.6,75.4,-42.9,-94.8
andalusian_match_declarative-broad-focus_Maria-bebe-el-vino,474.4,1926,2849.7,138.1,13.7,-19.7,29.1,-129,49.4,-40.1,165.6,44.6,38.6,-139.7,-36.2,-7.9,-31.5,34.9
andalusian_match_declarative-broad-focus_Mariano-habla-del-tiempo,545.5,1418.1,2213.3,37.2,-55.8,-160.7,11,69.5,231.7,-67.8,214.3,117.2,131.3,-28.3,-132.6,-51.6,-54.3,20
andalusian_match_declarative-broad-focus_Marta-abre-el-regalo,640.4,1600.2,2594,89.3,13.9,56.1,43.7,141.1,187.1,-73.4,54.7,74.5,-74.1,46.1,166.3,12.5,-91.8,-52.8
andalusian_match_declarative-narrow-focus_Ana-lleva-el-abrigo,650.3,1903.8,2919,101.2,5.9,-3.4,178.3,48.5,182.2,-84,-28.1,-135.4,63.1,70,-11.6,-121,-3.4,16.4
andalusian_match_declarative-narrow-focus_Daniel-iba-a-Bolivia,690.9,2195.7,3103.2,164.2,92.6,187.7,351.8,358,394.5,120.3,-1,-16.8,275.2,-227,125.1,74.2,311.2,-65.9
andalusian_match_declarative-narrow-focus_David-leia-el-libro,533.8,2157.2,2933.7,-6.2,79.3,30.6,164.9,-75.7,80.4,-18.5,-219.2,-106.5,44.9,188.9,122.4,56.9,126,29
andalusian_match_declarative-narrow-focus_Emilio-ama-la-marcha,744.5,2015.2,2914.3,-103.7,171.6,-35.9,137.4,297.9,214.8,120.8,-170.1,-114.4,174.2,-146.6,-10.4,-23.8,87.6,32.5
andalusian_match_declarative-narrow-focus_Manuela-vende-el-carro,532.4,1369.3,2146.5,-2.2,-68.8,-173.4,1.9,84.8,149.7,49.8,65.2,22.1,-30.8,161.9,201.4,33.3,96.3,136.4
andalusian_match_declarative-narrow-focus_Maria-bebe-el-vino,602.5,1943.2,2829.9,82.9,-3.4,-53,255.1,78.6,118.7,-40.6,35.9,13.5,98.5,225.6,48.6,38.5,-128.5,-29.9
andalusian_match_declarative-narrow-focus_Mariano-habla-del-tiempo,616.3,1718.6,2711.7,110.7,30.8,-8,60.3,139.7,136.9,-23.5,110.3,127.8,98.7,67.3,8.8,95.7,-62.3,-82.5
andalusian_match_declarative-narrow-focus_Marta-abre-el-regalo,667.5,1759.6,2727,171.8,59.2,70.6,88.4,169.3,143.5,36.3,-8.2,-43.5,49,205.5,120.9,9.1,-75.4,-5.7
andalusian_match_interrogative-partial-wh_Cuando-bebia-el-vino,584.2,2006.3,3068.3,-85.3,-380.4,-198.5,284.9,27.2,252.1,-105.3,190.3,29.2,191.8,276.2,121.7,-54.2,-25.3,44.9
andalusian_match_interrogative-partial-wh_Cuando-leia-el-libro,485.9,1779.3,2749.8,62.4,-16.2,56,47.4,-448.6,-150.1,-3,-40.7,16.7,25.7,153.6,46.7,-4.6,70.2,-5
andalusian_match_interrogative-partial-wh_Cuando-lleva-el-abrigo,530.1,1740.5,2828.4,76.4,63.1,110.9,58.4,-184.7,18.9,51.8,137.5,56.3,99.9,-129.9,-113.2,-30.8,145,101
andalusian_match_interrogative-partial-wh_Cuando-vendia-el-carro,557.7,1612.3,2638.8,-42.8,96.1,173,38.7,-317.5,-80.8,111.9,79.7,-3.6,-88.2,194.8,132.2,-0.9,-21.8,-113.8
andalusian_match_interrogative-partial-wh_Por-que-abre-el-regalo,593.7,1613.3,2604.4,-34.7,-38.4,-40.4,-11,-55.7,138.2,27.7,-18.3,9.8,-29.9,55.7,109.9,-29.6,-32.9,-73.6
andalusian_match_interrogative-partial-wh_Por-que-ama-la-navidad,662.7,1763,2788.4,-0.6,-0.3,13.2,25.7,48.9,126.8,-49.5,64.8,154.3,97.7,-222.2,62,67.6,42.4,-4
andalusian_match_interrogative-partial-wh_Por-que-hablaba-del-agua,651.1,1454.8,2671.4,-41.7,248.2,79.8,33.2,24.5,71.3,1.1,-55.1,-32.8,81.6,81.4,239.8,-0.7,-156.8,27.8
andalusian_match_interrogative-partial-wh_Por-que-iba-a-Bolivia,518.1,1680.9,2642.8,-25.5,-158.9,-30.1,71.4,-42.4,-26.3,-72.2,63.3,54.5,2.1,-245.3,-85.5,48.4,1,-14.8
andalusian_match_interrogative-total-yn_Ana-lleva-el-abrigo,575.4,1691.3,2743.7,185.8,201.7,31.9,109.7,-167.2,66.2,54,250.9,171.4,69,-92.3,-19.8,-40.2,41.7,179.1
andalusian_match_interrogative-total-yn_Daniel-iba-a-Bolivia,555,1996.3,2932,6.3,55.9,-25.2,163.9,72.1,150.1,-30.2,-2.6,-61.2,113.3,-180.3,18.2,59,137,-16.5
andalusian_match_interrogative-total-yn_David-leia-el-libro,450.3,2009.9,2902.1,38.2,127.7,68.5,38.4,-556.3,-143.6,-19.8,87.4,-22.8,33.7,67.9,104.5,-26.5,-42.4,49.2
andalusian_match_interrogative-total-yn_Emilio-ama-la-marcha,697.1,1865.8,2808.3,-117.9,192.3,48.1,31.5,301.4,102.2,123.6,-44.2,-40.2,90.2,-239.3,8,202.1,-21.2,22.2
andalusian_match_interrogative-total-yn_Manuela-vende-el-carro,591.7,1632.2,2643.6,-30.7,78.6,183.9,16.8,-196.8,-118.4,23.4,23.4,-65.4,-115.7,108.8,114.8,-10.6,-80.2,-119.2
andalusian_match_interrogative-total-yn_Maria-bebe-el-vino,462.7,1815.6,2676.9,91.1,121.4,134.7,24.6,-265.8,-105,-46.4,105.6,36,-31.9,-254.5,-77,-0.3,-63,-35.4
andalusian_match_interrogative-total-yn_Mariano-habla-del-tiempo,535.3,1381,2213.7,94.3,92.7,-14.3,110.8,91.9,126.1,-44,229.6,213.4,73.8,-14.2,-98.7,-21.8,-174.7,-152.7
andalusian_match_interrogative-total-yn_Marta-abre-el-regalo,598.3,1513.3,2526.5,19.5,91.7,11.3,-16.8,-113.8,113.8,-46,155.6,132.5,-158.5,-25.3,-43.2,-25,-75.5,-97.3
andalusian_mismatch_declarative-broad-focus_El-bebe-comia-muy-bien,452.9,1996.3,2842.6,53.2,-85.6,-47.1,10.3,343.6,156.5,24.1,-27,6.7,50.9,-78.7,155.8,23.1,-36.2,-45.5
andalusian_mismatch_declarative-broad-focus_El-hombre-mira-la-luna,595.1,1708.3,2713.2,-42.9,133,38.7,154.1,109.5,64.9,81.5,115.7,72.7,148.2,309.8,138.4,-137.4,-184.3,-19.7
andalusian_mismatch_declarative-broad-focus_El-nino-oye-el-rio,486.2,2126.2,2925.5,-17.2,169.1,163.6,107.9,164.1,121.6,17.1,62.5,-61.6,94.6,-85.6,35.9,54.3,-201.2,-22.8
andalusian_mismatch_declarative-broad-focus_La-maestra-vive-en-Paris,586,1922.9,2748.5,27,-118.2,5.7,21.7,100.6,61.2,-49.6,-8,66.9,-38.4,5.2,45.7,51.4,178,145.5
andalusian_mismatch_declarative-broad-focus_La-nina-lava-el-plato,582.2,1693.8,2659.1,-59.6,312.9,67.7,-56.1,95.4,-21.4,94.2,-14.3,-20.2,67.1,-133.9,41.1,47.2,-126,-50.8
andalusian_mismatch_declarative-broad-focus_Mi-madre-come-la-fruta,583.3,1680.6,2765.5,-53.1,92.7,73.6,-1.8,127.9,67.5,-29.6,43.1,87.7,-23.9,-78,-31.2,-17.4,-16.6,92.7
andalusian_mismatch_declarative-broad-focus_Mi-novio-viene-del-lago,525.8,1729.7,2802.1,-59,196.2,137.1,88.2,-28.8,-26.7,50.8,-73.9,-34,38.6,308.7,122.1,46.9,-214.7,-61.3
andalusian_mismatch_declarative-broad-focus_Mi-tia-odia-la-lluvia,545.7,1975.3,2826.3,-76.8,148.9,87.7,44.4,140.3,1.8,-111.4,97.4,26,82.8,-228.6,-105.9,-9.8,-298.8,-84.2
andalusian_mismatch_declarative-narrow-focus_El-bebe-comia-muy-bien,500.2,2042.8,2864.6,-32.9,-128.1,-82,109.7,272.7,134,-102,126.6,13.2,120.4,-29.5,67.7,-15.2,5.3,-44.6
andalusian_mismatch_declarative-narrow-focus_El-hombre-mira-la-luna,628.4,1954.8,2974.8,-32.5,71.5,6.1,195,201,194.9,131.2,-76.5,73.2,160,470.6,197.6,105,40.5,21.3
andalusian_mismatch_declarative-narrow-focus_El-nino-oye-el-rio,487.3,2020.4,2824.4,-83.5,222.9,179.4,41.7,91.2,124,24.4,63,-14.6,93.5,46.2,53.7,-4.4,-166.7,-117.8
andalusian_mismatch_declarative-narrow-focus_La-maestra-vive-en-Paris,555.5,1955.3,2828.6,95.6,-187.7,-77,77.1,86.3,107.1,-127.8,-120.7,-14,-35.1,-91.2,18.6,-50.1,214.8,153.6
andalusian_mismatch_declarative-narrow-focus_La-nina-lava-el-plato,703.1,1789.6,2756.5,-65.4,192.9,99.5,110.6,220.7,145.8,136,-116,-24.8,23.6,-132.8,-34.7,-48.8,106.3,-2.8
andalusian_mismatch_declarative-narrow-focus_Mi-madre-come-la-fruta,616.3,1763.6,2714.5,-88.4,68.8,-66.7,37.5,157.5,41.7,-24.3,25.6,-3.8,-36.4,16.8,-8.1,-45.8,-102.9,38.2
andalusian_mismatch_declarative-narrow-focus_Mi-novio-viene-del-lago,464.3,1717,2714.6,-98.4,336.9,64.8,-15.8,-238,-6.2,17.3,4.8,-6.8,-38.9,108.7,-41.5,-1,-143.8,-83.9
andalusian_mismatch_declarative-narrow-focus_Mi-tia-odia-la-lluvia,509.5,1959.3,2826,-63.8,130.9,113.8,-23.3,134.3,11.3,-122.6,71.9,17.8,1.4,-119.4,-92.2,37.3,-294.9,-99.3
andalusian_mismatch_interrogative-partial-wh_Cuando-comia-la-fruta,602.7,1534.3,2711.2,-69,-136,-17.2,92.8,-20.5,-11.7,-2.6,16.2,-11.8,61.3,169.7,-79.1,-73.8,-86,23
andalusian_mismatch_interrogative-partial-wh_Cuando-lavaba-el-plato,606,1480.1,2675.1,14.8,-43.9,76.8,5.7,75.1,74.3,69.8,134.5,43.1,-13.4,-110.1,19.7,81.5,22.3,-25.2
andalusian_mismatch_interrogative-partial-wh_Cuando-miraba-la-luna,598.8,1623.8,2756.3,73.5,15.9,178.9,43.3,105.2,99.1,19.3,-87.9,37.5,124.1,139.7,51.4,86.5,-29.8,-53.1
andalusian_mismatch_interrogative-partial-wh_Por-que-desayuna-muy-bien,476.7,1944.7,2799.9,59.3,-160.3,-65.5,12.4,-200.7,-114.4,-39.9,-200.6,15.4,6.9,-83.1,-46.1,23.5,199.9,110.7
andalusian_mismatch_interrogative-partial-wh_Por-que-odiaba-la-lluvia,566.4,1758.8,2722.5,10.6,-148.4,14.9,4.7,-55.5,-21.1,-11.2,85.9,85.8,111.8,-105.2,-71.5,-0.9,65.2,59.8
andalusian_mismatch_interrogative-partial-wh_Por-que-oia-el-rio,504,1639.7,2630.4,43.8,-78.8,-86,11,-199,-88.1,-24.8,220,42,40,-119.1,40.2,0.9,17.1,163.9
andalusian_mismatch_interrogative-partial-wh_Por-que-venia-del-lago,600.7,1876.2,2872.6,-5.8,75.7,31.5,49,-108.8,79.8,71.1,-303.8,-97.9,92.1,484.6,362.8,1.4,-87.9,54.5
andalusian_mismatch_interrogative-partial-wh_Por-que-vivia-en-Paris,466.4,2048.4,2814.3,28.3,-273.2,-114.2,40.2,-151.9,50.5,70.5,-205.2,21.4,6.3,64.1,70.6,-32.7,354.2,237.3
andalusian_mismatch_interrogative-total-yn_El-bebe-comia-muy-bien,471,2088.6,2946.8,45,-68.8,-73.1,25.8,282.2,133,7.4,177.5,46.7,78.6,-184.4,60.4,61.5,1.4,-10.8
andalusian_mismatch_interrogative-total-yn_El-hombre-mira-la-luna,542.1,1809.2,2839.4,9.2,260.1,80.9,63.3,86.6,206,116.5,106.6,80.4,94.9,259.3,115.4,-15.6,-27.1,-13.8
andalusian_mismatch_interrogative-total-yn_El-nino-oye-el-rio,510.8,1970.9,2858.8,34.9,341.9,150.1,62.2,-34,-25.6,73,169.8,-54.5,109.8,-186.3,-58.9,48.8,-117.2,17.6
andalusian_mismatch_interrogative-total-yn_La-maestra-vive-en-Paris,561.6,1904.9,2805.6,122.9,-51.2,1,21.4,82.5,72.9,-42.7,-62.8,30.4,-25.3,113.6,117.7,41.5,176.3,127.6
andalusian_mismatch_interrogative-total-yn_La-nina-lava-el-plato,558.2,1569.4,2722.8,-14.8,187.8,210,-44.6,99.1,71.6,113.5,274.6,8.4,37.8,-79.3,-61.3,13.5,-59.1,21.1
andalusian_mismatch_interrogative-total-yn_Mi-madre-come-la-fruta,582.2,1659.7,2763.1,-53.2,128,75.8,-10.5,44.5,-27.3,24.6,165.1,57.2,-20.6,-51.1,-69,-108.8,-65.9,85.1
andalusian_mismatch_interrogative-total-yn_Mi-novio-viene-del-lago,571.4,1866.1,3003.7,-107.5,304.1,107.8,42.9,135.5,283.1,28.4,242.8,11.2,45.6,182.1,133.7,18.7,-363.4,-131.5
andalusian_mismatch_interrogative-total-yn_Mi-tia-odia-la-lluvia,512.1,2036.9,3020.6,-3.3,199.3,189.1,6.6,77.4,-3.2,-77.1,52.3,-1.8,99.2,-239.4,-118.1,70.4,-312.7,-2.9
andalusian_statement_filler_Alberto-nunca-se-afeita,586,1693.3,2732.3,-47.3,-108.2,27.4,58.1,238.1,-10.9,76.4,74.9,1.5,60.2,-258.6,-67.3,-62.6,38.6,-28.4
argentine_match_declarative-broad-focus_Ana-lleva-el-abrigo,554.1,1569.9,2500.2,91.2,10.7,3.6,11.6,-37.2,18.3,20.9,8.4,-122.9,58.2,-264.1,-146.9,-14.1,162.3,70
argentine_match_declarative-broad-focus_Daniel-iba-a-Bolivia,483.6,1713.2,2523.6,-11.8,-18.1,-101.1,33.1,86.9,-140.7,-71.8,-190.6,-135.3,63,-352.9,-150,-126.2,297.1,-14.6
argentine_match_declarative-broad-focus_David-leia-el-libro,457.9,1810.7,2543.3,26.5,30.4,-27.8,80.8,-313.4,-210.4,-27.9,45.9,-47.5,74.7,-19.8,-14.8,-42.3,4.3,11.3
argentine_match_declarative-broad-focus_Emilio-ama-la-marcha,564.5,1643.6,2545.6,-134.3,238.3,37.8,-2.6,177.7,157.3,11.3,-71.6,-122,76.3,-89.8,-15.9,6.8,-116.8,-14.2
argentine_match_declarative-broad-focus_Manuela-vende-el-carro,565.6,1534.6,2380,-40.3,53.2,24.9,40.8,-196.9,-153.5,-0.4,39.2,12.4,-6.3,-63.8,8.3,65.3,-25.9,-3.2
argentine_match_declarative-broad-focus_Maria-bebe-el-vino,562.6,1818.9,2655.1,194.4,11.9,35.4,206.7,97.6,354.7,44.4,100.8,43.8,204.8,-182.2,115.6,71.6,24,3.4
argentine_match_declarative-broad-focus_Mariano-habla-del-tiempo,537.1,1633.9,2568.9,70.2,82,-9.1,4.6,-122.1,-59.1,-2.1,233.1,88.1,70.2,-245.1,-29.3,16.9,-172.6,-161.2
argentine_match_declarative-broad-focus_Marta-abre-el-regalo,616.5,1552.2,2467.5,110.2,-63.9,40.8,59,-9.5,-23.1,10.8,175.6,30.8,38.4,49.8,74.9,45.1,58.1,-50
argentine_match_declarative-narrow-focus_Ana-lleva-el-abrigo,556.9,1558.8,2450.9,32.2,9.6,-6.8,39.2,-41.5,38.7,-31.2,22.7,-85,83.3,-219.4,-119,-45.8,116.9,48.7
argentine_match_declarative-narrow-focus_Daniel-iba-a-Bolivia,476.8,1737.2,2571.1,-28.4,8.7,67.5,38.3,107.8,10.9,-78.1,-155.2,-65.8,82.5,-396.5,-128.9,-99,252.1,7.8
argentine_match_declarative-narrow-focus_David-leia-el-libro,454.9,1831.5,2570.6,18.3,70.9,-4.3,78.4,-270.1,-123.8,-2.9,67,10,105.7,-50.9,-34.2,-3.5,18.8,-31
argentine_match_declarative-narrow-focus_Emilio-ama-la-marcha,564.9,1603.8,2477.1,-53.4,259.7,31.7,12,159.7,123.7,6.7,-176,-176.8,131.7,-111.8,75.5,38.8,-89.6,-78.3
argentine_match_declarative-narrow-focus_Manuela-vende-el-carro,582.9,1541.3,2424.4,0.4,52.1,73.2,72.7,-98,-36,22.7,60.5,2.9,46.5,-4.5,-7.3,75.9,-3.7,-19.4
argentine_match_declarative-narrow-focus_Maria-bebe-el-vino,504.7,1779.2,2531.4,-22.1,-58.9,-33.9,43.6,-28.5,25,-105.4,-85,-133.3,102.8,-253,-148.3,-65.6,1.4,-77.6
argentine_match_declarative-narrow-focus_Mariano-habla-del-tiempo,530.4,1633,2534.3,38.2,19.9,-16,1,-75.3,-107.7,-9.8,208.5,99.3,66.2,-317.6,-127.3,-9.1,-126.8,-158
argentine_match_declarative-narrow-focus_Marta-abre-el-regalo,605.6,1503.9,2387.1,31.3,-111.6,-91.9,37.8,5,-40.3,-54.9,90.8,-2,11.1,-29.2,39.1,21.5,47.4,-62.1
argentine_match_interrogative-partial-wh_Cuando-bebia-el-vino,491.8,1682.1,2649,90.2,-249.7,-34,106.2,-68.5,241.9,-48,156.5,8,83.6,143.8,119.9,-48.5,61.5,-22.4
argentine_match_interrogative-partial-wh_Cuando-leia-el-libro,488.2,1690.8,2541.7,58.5,-173.9,-13.6,91.8,-357.8,-134.1,-22.1,104.9,46.7,80.9,70.8,-51.1,-30.8,76.5,-27.6
argentine_match_interrogative-partial-wh_Cuando-lleva-el-abrigo,541.4,1511.5,2443.4,33.2,-33.1,-9.1,30,-118,50.2,-9.7,43.1,-56.9,87.2,-220.1,-78.5,-33,233.2,154.4
argentine_match_interrogative-partial-wh_Cuando-vendia-el-carro,549.4,1454.8,2510,-23.7,-28.6,15.2,54.4,-367.9,-116.3,55.5,84.1,53.9,-19.6,142.4,45.8,5.7,-38,-47.8
argentine_match_interrogative-partial-wh_Por-que-abre-el-regalo,557.1,1536.7,2357.9,-3.8,-107.6,39.4,21.2,-93.5,92.6,-8.3,-30.2,-1.7,40.1,-93.4,-34.8,24,82.1,10.5
argentine_match_interrogative-partial-wh_Por-que-ama-la-navidad,567.6,1573.9,2488.2,-4.3,-110.8,-215.7,34.4,-46,97.2,-58.8,-16.8,-58.2,50.5,-189.9,-7.5,35.2,-50.1,-56.1
argentine_match_interrogative-partial-wh_Por-que-hablaba-del-agua,557.8,1419.5,2405.6,-38.1,191,58.8,-18.1,-105.4,-86.2,-40.7,25.7,107.4,26.8,-247.2,-77.8,-27.5,-143,-67.4
argentine_match_interrogative-partial-wh_Por-que-iba-a-Bolivia,509.3,1655.4,2531.6,-2.3,-136.6,-5.5,61.6,112.3,50,-81.6,23.4,93.2,111.6,-456.8,0.2,-29.8,23.3,-53.8
argentine_match_interrogative-total-yn_Ana-lleva-el-abrigo,576.3,1517,2502.5,85.9,189.3,24.1,77.2,-195,10.4,-22.7,175.4,-3.9,54.2,-214.9,-157.1,1.4,-88.7,-46
argentine_match_interrogative-total-yn_Daniel-iba-a-Bolivia,514,1710,2582.2,2.8,30.3,8.3,26.8,32,33.2,-63.3,-14.1,-42.8,23.7,-391.5,-77.3,-17.3,25.8,-95.3
argentine_match_interrogative-total-yn_David-leia-el-libro,460.4,1731.6,2507.5,-17.4,121.4,4.2,50.4,-402.2,-190.3,-37.7,-24.5,-42,19.8,-7.9,-7.7,-20.7,-30.1,-26.9
argentine_match_interrogative-total-yn_Emilio-ama-la-marcha,566.2,1580.9,2480.3,-88.3,240.4,-7.3,-37.6,208.6,123.3,21.1,-11.6,-53,68,-130.1,-41.4,25.5,-104.1,-25.9
argentine_match_interrogative-total-yn_Manuela-vende-el-carro,558,1463.2,2431.1,-25.1,169.9,-24.7,13.3,-266.3,-80.5,8.1,75.3,-84.2,-40.2,16.8,-1.6,16.8,-58.5,0.6
argentine_match_interrogative-total-yn_Maria-bebe-el-vino,479.8,1697.6,2502,64.1,119.4,53.3,54.5,-138.4,-25.4,-40.1,133.1,50.7,54.1,-282.2,-177.4,46.6,-127,-83.5
argentine_match_interrogative-total-yn_Mariano-habla-del-tiempo,556.8,1586.4,2500.6,92.2,197.2,4.4,61.2,-169.6,-71.5,16.1,230.6,12.5,110,-79.6,42.8,22.6,-243.4,-157.7
argentine_match_interrogative-total-yn_Marta-abre-el-regalo,561.7,1482.4,2409.1,37.8,24.1,-52.5,35.3,-206,-20.7,-27.4,202.2,14.2,-28.9,27.3,106.8,-5.2,68,-12.6
argentine_mismatch_declarative-broad-focus_El-bebe-comia-muy-bien,492.7,1722.5,2506.9,35.5,-60,22.2,-7.6,121,48.2,8.5,100,11.4,41.3,30.3,126.5,9.4,11.9,67.2
argentine_mismatch_declarative-broad-focus_El-hombre-mira-la-luna,499.2,1594.3,2412.5,-11.1,114.1,106.2,37.8,-4.7,-14.1,-16.6,121.1,20.1,57.7,234.2,98.9,-65.4,11.2,-25.8
argentine_mismatch_declarative-broad-focus_El-nino-oye-el-rio,511.1,1692,2630.5,-31.6,200.4,184.4,14.8,124.1,2.4,-29.8,112.8,44.3,137.6,-234.4,-70.7,30.8,-19.2,0.6
argentine_mismatch_declarative-broad-focus_La-maestra-vive-en-Paris,572.6,1732.1,2593,79.4,-120.9,-68.5,39.6,44.6,120.5,-55,-149,-185.3,-26.2,19.7,27,-13,157.9,80.3
argentine_mismatch_declarative-broad-focus_La-nina-lava-el-plato,554.9,1685.6,2627.8,-48,217,44.2,31.5,21.7,76.6,25.1,-101.6,7.2,60.2,-124.8,-13.1,-21.6,84.6,43
argentine_mismatch_declarative-broad-focus_Mi-madre-come-la-fruta,534.7,1534,2563,-41.9,104.2,-5.7,-8.3,6.5,-7.2,-77.5,33.5,-46,31,33.6,-72.9,-68.3,-9.4,35.4
argentine_mismatch_declarative-broad-focus_Mi-novio-viene-del-lago,495.7,1517.1,2441.7,-92.1,171.1,-42.1,38.5,-180,-123.1,-45.5,237.2,48.2,-14.7,25.3,-22.9,-25.7,-30.4,-24.1
argentine_mismatch_declarative-broad-focus_Mi-tia-odia-la-lluvia,545.7,1743,2658,-4.3,214.5,26.4,-34.2,146.5,37.4,-20.1,55.6,62.1,21,-64,-49.3,60.7,-306.3,-62.1
argentine_mismatch_declarative-narrow-focus_El-bebe-comia-muy-bien,476.8,1706,2547.8,0.6,-64.3,-50.7,-24.4,150.2,67,-6.4,10.8,18.1,6.4,22.5,84.8,-14.6,113,40.3
argentine_mismatch_declarative-narrow-focus_El-hombre-mira-la-luna,514.6,1587.4,2400.9,16.2,108.5,81.7,52.8,-1.7,14.2,-8.9,15.6,-3.3,68.9,216.6,144.1,-45.5,51.4,12.5
argentine_mismatch_declarative-narrow-focus_El-nino-oye-el-rio,480.4,1519.1,2477.1,-11.9,-154.3,18.5,44.8,113.2,44.6,3.3,211.6,39.2,173.3,151.7,-23.7,18.5,246.5,82.7
argentine_mismatch_declarative-narrow-focus_La-maestra-vive-en-Paris,565.5,1733.7,2596.5,69.9,-141.7,-44.8,73.5,68.5,174.3,-61.5,-24.1,-69.7,30,-88,-29.9,-45.3,213.6,100.5
argentine_mismatch_declarative-narrow-focus_La-nina-lava-el-plato,543.6,1647,2609.6,-79.4,221.2,116.9,35.3,9.1,116.4,19.2,-76.8,-19.9,28.5,-154.4,-50,-2.3,64.7,74.3
argentine_mismatch_declarative-narrow-focus_Mi-madre-come-la-fruta,543.6,1539.1,2534.3,-51.4,68.6,-56.8,13.6,34.6,55.3,-76.5,42.2,-48.4,24.8,59,-41.2,-103.1,-59.9,-72.7
argentine_mismatch_declarative-narrow-focus_Mi-novio-viene-del-lago,524,1551.5,2405.8,-93.7,265.6,43.1,35.7,-258.3,-84.2,-12.7,79.6,19.7,-4.1,53,82.9,-54.8,47.5,29.1
argentine_mismatch_declarative-narrow-focus_Mi-tia-odia-la-lluvia,490.5,1749.5,2618.7,-45.8,211.2,-3.6,-47.3,80.6,-50.8,-19.3,-28.9,16.2,9.2,31.7,-65.3,-62.3,-314.1,-45.7
argentine_mismatch_interrogative-partial-wh_Cuando-comia-la-fruta,560.4,1479.7,2620.4,16.1,-113.7,-106.6,44.9,-163.7,86.8,-2,5.5,-24.2,65.7,144.2,-29.9,-72.8,6.2,3
argentine_mismatch_interrogative-partial-wh_Cuando-lavaba-el-plato,559.5,1442.1,2556.6,-33.5,-64.1,-24.9,-2.4,40.9,152,-24,22.4,-91,49.2,-128.6,-41.7,27.5,-37.4,-96.5
argentine_mismatch_interrogative-partial-wh_Cuando-miraba-la-luna,535.6,1571.8,2702.5,-22.4,-49.6,11.7,36.9,-46.9,266.7,11.3,-48.9,-78.9,123.2,96.6,68.1,-46.1,132.5,43.3
argentine_mismatch_interrogative-partial-wh_Por-que-desayuna-muy-bien,509.7,1656.4,2442.4,54.2,-106.8,-17.9,-35.8,75.8,93.7,13.7,-183.7,-155.8,32.3,-182.9,-78.4,27.1,83.3,131.8
argentine_mismatch_interrogative-partial-wh_Por-que-odiaba-la-lluvia,540.6,1543.8,2506.3,-4.2,-94.7,-61.1,-0.3,-68.2,-52.3,21.1,-149.9,-28.5,68.8,-32.3,-62.7,-42.1,-28.2,51.4
argentine_mismatch_interrogative-partial-wh_Por-que-oia-el-rio,508.7,1708.1,2685.3,-12.1,-189.7,-47.1,84.2,-183,-1,-67.9,-41.4,-22.8,69.5,-57.5,110.8,-62.4,29.4,-39
argentine_mismatch_interrogative-partial-wh_Por-que-venia-del-lago,525,1567.6,2588.1,-18.6,123.4,-105.1,17.8,-379.5,-66.3,-17.3,-45.1,-91.1,22.8,-38.9,130.9,-39.7,-47.5,-80.7
argentine_mismatch_interrogative-partial-wh_Por-que-vivia-en-Paris,474.7,1767.3,2540.5,-25.5,-98.1,-163.2,56.2,-87.7,73.4,-1.4,-229.2,-106.2,56.4,-204.4,-63.1,-71.1,59.2,15.5
argentine_mismatch_interrogative-total-yn_El-bebe-comia-muy-bien,470,1725.3,2557.7,31.7,-79.4,-40.4,-41.5,124.7,87.7,22.3,132.3,62.3,20.3,-49,78.8,7.1,45.2,75.9
argentine_mismatch_interrogative-total-yn_El-hombre-mira-la-luna,523.5,1600,2530.5,-47.8,117.5,-24.2,52.2,32.3,94.2,-30.7,30.5,4.4,29.8,221.5,118.8,-5.7,98.5,11.3
argentine_mismatch_interrogative-total-yn_El-nino-oye-el-rio,492.2,1747.7,2587.5,-2.8,270.6,148.6,-6,-23.5,19.8,-5.2,120.9,34.5,44.1,-239.3,-61.1,24.9,-1.7,-19.7
argentine_mismatch_interrogative-total-yn_La-maestra-vive-en-Paris,500.8,1766.2,2635.3,119,-146.4,-49.1,27,82.7,177.2,-25.9,-25.2,-44.6,-46.7,-115.8,-15.7,-94.7,195.4,107.8
argentine_mismatch_interrogative-total-yn_La-nina-lava-el-plato,558.1,1594,2625.1,-24.6,377,87.6,3.7,10.9,145.4,23.7,-8,4.9,19.3,-217.1,-48,48.9,-127.3,-20.3
argentine_mismatch_interrogative-total-yn_Mi-madre-come-la-fruta,539.3,1519,2573.2,-55,105.5,-97.4,29.2,46.2,103.2,-50,45.7,-15,1.7,56.7,-53.3,-51.3,-47.9,-48
argentine_mismatch_interrogative-total-yn_Mi-novio-viene-del-lago,501.2,1533.1,2447.9,-46.1,312.3,91.6,16.8,-262.5,-110.5,32.9,142.4,123.4,-6.7,48.8,28.6,2.7,10.8,-34.1
argentine_mismatch_interrogative-total-yn_Mi-tia-odia-la-lluvia,508.7,1679.6,2610.7,-45.2,165,-38.5,-25.9,126.2,-4.4,-29.8,53.3,-3.5,43.5,115,-8.5,-41.3,-41,-36.7
argentine_question_filler_Mi-vecino-habla-mucho,502.2,1508.7,2530.5,-39.7,286.5,43.6,-35.5,42.6,44.2,-29.3,4.5,-55.1,37.4,-112.5,-83.1,2.4,-46.2,50.9
castilian_match_declarative-broad-focus_Ana-lleva-el-abrigo,596.3,2087.8,3315.7,5.9,-88.7,20.7,120.1,33.6,76.3,-32,-180.9,-200.8,266,-258,54.8,-50.9,101,64.5
castilian_match_declarative-broad-focus_Daniel-iba-a-Bolivia,457.9,2013.3,2988.6,-16.8,103.3,192.9,-14.4,276.8,174.2,-24.6,-138.5,-74.3,127.9,-405.3,-244.4,-57.7,211,23.6
castilian_match_declarative-broad-focus_David-leia-el-libro,481.7,2188.6,3154,-86.9,68.7,-50.2,124.1,-222.1,-137.2,-108.1,-71.5,-104.1,144,12.5,153.8,-105.7,3.2,-94.8
castilian_match_declarative-broad-focus_Emilio-ama-la-marcha,622,1836.1,2868.6,-182.1,192.5,-88.4,16,260.9,299.9,-111.1,-19.3,-66.3,102.2,-65.4,-27.8,-10.8,-131.8,-136.6
castilian_match_declarative-broad-focus_Manuela-vende-el-carro,576.2,1930.7,2893.2,-106.5,15.7,23.8,152.3,-125.4,11.8,-15.6,-15.6,-32.2,-16.5,156.3,108.8,31.3,-47.7,-105.2
castilian_match_declarative-broad-focus_Maria-bebe-el-vino,483,1993.9,2864,139.9,103.8,193.4,-16,-113.8,-91.9,-54.3,114.9,91.9,19.3,-304.9,-316.9,42.4,-41.1,1.8
castilian_match_declarative-broad-focus_Mariano-habla-del-tiempo,516.1,1900.8,2957.9,57.9,56.8,43.2,-25,47,29.8,-112.9,233,32.8,50.3,-150.7,-19.1,3.2,-172.6,-205.5
castilian_match_declarative-broad-focus_Marta-abre-el-regalo,622,1715.3,2751.6,144.5,44.8,141.7,6.6,-104.1,-104.5,-95.1,33.1,-54.9,-198.4,-9.3,-146.1,63.5,-62,-16.8
castilian_match_declarative-narrow-focus_Ana-lleva-el-abrigo,568.5,2082.1,3296.9,2.9,-151.4,-104.2,116.3,48.5,232.5,-24.7,-80.5,-123.7,190.8,-265.1,-134.9,46.6,65.1,111.9
castilian_match_declarative-narrow-focus_Daniel-iba-a-Bolivia,495.8,2019.5,2890.6,14.1,84.8,100,-64.3,193.8,64.9,-39.1,-161.3,-52.5,138.3,-417.9,-169.9,-35.6,146.1,59.2
castilian_match_declarative-narrow-focus_David-leia-el-libro,428,2117.4,2916.7,31.4,118.5,168.7,14,-328.4,-312,-2.6,8.1,29.2,71,-153.7,-85.1,-30.2,87.2,89.2
castilian_match_declarative-narrow-focus_Emilio-ama-la-marcha,626.1,1924,2923.9,-207.9,244,-49.4,50.1,284.6,208.6,-115.7,-48.5,-114.2,114.4,-86.1,30.8,-60.9,-154.8,-151.2
castilian_match_declarative-narrow-focus_Manuela-vende-el-carro,529.9,1777.2,2624.1,-4.3,123.7,147.6,1.8,-222.2,-290.9,20,5.5,-117.3,-115.2,1.2,-18.1,77.1,-42.8,18.9
castilian_match_declarative-narrow-focus_Maria-bebe-el-vino,486.6,2083.7,3068.6,-43.4,-107.2,-197.5,78.1,-6.7,132.9,-160.6,-9.7,-212.9,74.8,-286.7,-182.5,-68.5,-71.1,-149.6
castilian_match_declarative-narrow-focus_Mariano-habla-del-tiempo,471,1867.4,2844.9,90.6,126.3,103.5,-70.7,-9.2,-56.5,-83.7,246.1,142.1,-45.4,-95.1,-79.6,-3.4,-171.3,-300.1
castilian_match_declarative-narrow-focus_Marta-abre-el-regalo,587.1,1748.2,2733.2,142.8,73,198.9,37.7,-161.2,-96.3,-40.1,86.8,-50.1,-197.8,-57,-146.8,60.6,-70,-124.2
castilian_match_interrogative-partial-wh_Cuando-bebia-el-vino,474.3,2092,3218.7,72.3,21,-41.9,101.5,-283.6,56.3,13.9,154.7,72.7,68.1,26.1,187,-2,356.3,193.6
castilian_match_interrogative-partial-wh_Cuando-leia-el-libro,463.4,2030.3,3187.6,73.8,-129.5,-44.1,95.5,-423.4,-37.1,28.8,76.2,108.2,99.8,-95.8,31.1,25.7,310.9,123.2
castilian_match_interrogative-partial-wh_Cuando-lleva-el-abrigo,494.1,2093.5,3296.4,37.2,-39.9,-103.2,16.7,17.5,201.7,52.5,-63.4,-62.9,156.4,-156.6,132.8,-10.4,281,191.4
castilian_match_interrogative-partial-wh_Cuando-vendia-el-carro,516.2,1700.8,2648.4,-30.2,85.5,123.1,27.1,-515,-303.1,116.3,-63.6,-51.9,-45.7,20.5,37,67.5,188.9,126.9
castilian_match_interrogative-partial-wh_Por-que-abre-el-regalo,527.7,1734.5,2685.1,9.7,181,-28,25.4,-245.1,-136.1,32.7,0.7,-78.5,-110.2,-152.4,-85.2,65.6,-95.1,-17.5
castilian_match_interrogative-partial-wh_Por-que-ama-la-navidad,563.8,1811.4,2746,-4.8,-143.2,-195.4,-4.9,-6,39.2,-57.5,75.8,62.8,-6.4,-330.3,-126,-4.2,-114.1,-163
castilian_match_interrogative-partial-wh_Por-que-hablaba-del-agua,564.9,1627.1,2752.7,-43.3,206.2,-78.2,-11.6,-148.7,-127.8,-11.5,14.6,36,-26.9,-90.9,-65.6,75.4,-290.1,-156.3
castilian_match_interrogative-partial-wh_Por-que-iba-a-Bolivia,488.1,1842.5,2770.3,41.3,-59,-72.2,-60.6,70.6,-60.3,-59.1,-68.7,-42.5,108.7,-574.6,-255.1,56.3,124.3,39.9
castilian_match_interrogative-total-yn_Ana-lleva-el-abrigo,494.5,1827.3,2933.4,105,167.5,150.2,11.7,-131.6,156,54.7,123,27.3,103,-419.9,-183.5,18.4,53,32.1
castilian_match_interrogative-total-yn_Daniel-iba-a-Bolivia,450.2,1884,2796.6,15,168.4,206.1,-22.9,-7.5,-42.6,-44.7,206.2,119.6,24.7,-513,-253,87.6,23.5,69.1
castilian_match_interrogative-total-yn_David-leia-el-libro,438.7,2050.3,2938.6,11.2,212.4,176.2,12.6,-435.5,-247.6,-34.3,62.9,81.3,49.4,-151.7,-48.9,-11.5,86,42.7
castilian_match_interrogative-total-yn_Emilio-ama-la-marcha,474.9,1443.6,2152,-8.4,313.2,348.4,-72.5,174.8,269.8,11.3,105.5,138.2,1.1,2.8,-64.6,49.5,-6.3,-77
castilian_match_interrogative-total-yn_Manuela-vende-el-carro,520.2,1747.8,2683.9,-27.1,223.7,116.6,-2.4,-308,-226.6,1.9,68.5,-7.1,-141.1,-41.4,-4.8,71.9,43.6,30.5
castilian_match_interrogative-total-yn_Maria-bebe-el-vino,467.7,1973,2862.7,70.4,189.1,99.3,18.1,-188,-86.4,-62.5,189,131.3,-13,-255.6,-306.7,72.3,-145.9,-114.2
castilian_match_interrogative-total-yn_Mariano-habla-del-tiempo,485.5,1777.3,2849.3,88.8,219.7,32.5,-43.7,-108.6,-22.3,-87.9,346.3,122.6,-4.7,-170.8,-55.3,14.9,-153.6,-318.5
castilian_match_interrogative-total-yn_Marta-abre-el-regalo,625.4,1696.2,2789,102.2,135.9,169.2,33.1,-201.5,-54.6,-62.7,104.9,-110.2,-173.1,-41.4,-134.3,-7.6,6.5,-45.2
castilian_mismatch_declarative-broad-focus_El-bebe-comia-muy-bien,436.5,2064.5,2875.6,66.5,0.7,-21.7,-56.6,48.6,180.1,23.6,50.1,-6.5,-1.2,-98.2,43.1,21.5,39.8,85.8
castilian_mismatch_declarative-broad-focus_El-hombre-mira-la-luna,534.4,1969.8,2991.5,-176.3,8.8,-184.1,168.6,-15.6,135.7,-102.4,-55.4,-118.5,167,104.1,256.6,-146.1,197.8,-26.3
castilian_mismatch_declarative-broad-focus_El-nino-oye-el-rio,402.1,1678.8,2561.8,1.9,-142,13.7,-14.4,194.9,18.1,48.5,424.8,223,38.9,-117,-220.2,5.9,-37.4,-8.9
castilian_mismatch_declarative-broad-focus_La-maestra-vive-en-Paris,529.3,2028,2916.2,87.2,-106.4,-65.2,60.2,-22.1,34.5,-91.7,-146.3,-217.6,-8.1,-74.9,-71.4,17.4,36.4,115.9
castilian_mismatch_declarative-broad-focus_La-nina-lava-el-plato,544.5,1944.9,2996.5,-78.1,294.1,78.5,-10.4,117.9,161.7,-80.6,-110.5,-114.7,52.6,-215.7,-64.5,45.7,-228.6,-52
castilian_mismatch_declarative-broad-focus_Mi-madre-come-la-fruta,558.8,1833.6,2794.5,-121.4,181.7,-5.1,63.1,105.1,132.7,-31.1,24,-109.3,-21.3,51.2,20.5,-182.6,-25.7,-194.4
castilian_mismatch_declarative-broad-focus_Mi-novio-viene-del-lago,482,1819,2748.4,-52.5,234.6,106.4,-13.4,-322.4,-209.7,18.7,110.8,195.1,-100.6,86.7,24.2,54.3,38,96.7
castilian_mismatch_declarative-broad-focus_Mi-tia-odia-la-lluvia,482.4,2112.8,3076.4,5.6,55.7,92.8,-101.4,126.4,-43.2,-131.2,-50.5,-159.5,26.9,-141.2,-146.3,1.6,-114.1,-36.5
castilian_mismatch_declarative-narrow-focus_El-bebe-comia-muy-bien,428.9,2004.2,2672.4,69.5,10.3,98.9,-37.9,45.2,2.4,3.9,100.7,129.2,0.3,-99,-72.9,19.2,59.4,109.8
castilian_mismatch_declarative-narrow-focus_El-hombre-mira-la-luna,526,1881,2992.6,-126.7,105.8,-63.9,121.3,-87.6,-29.9,-59.6,-151.5,-58.4,185,95.5,254.7,-157.4,154.4,-54.9
castilian_mismatch_declarative-narrow-focus_El-nino-oye-el-rio,424.4,1869.4,2827.2,8.2,-18.1,160.6,-25,-1.7,-61.8,7.6,316.5,157.2,41.4,-14.9,-28.8,51.4,134.2,66.9
castilian_mismatch_declarative-narrow-focus_La-maestra-vive-en-Paris,555.4,1976.6,2832,-19.4,-143.6,-74.9,102.9,3.5,55.3,-117.1,-57.2,-109.6,32.5,-37.9,-37.7,-89.7,41.8,155
castilian_mismatch_declarative-narrow-focus_La-nina-lava-el-plato,563.5,1908.5,3011.8,-95.8,213.1,55.7,52.2,131.1,160.2,-90.4,-72.8,-136.2,52.8,-138.7,-134.7,69.4,-214.7,-92.5
castilian_mismatch_declarative-narrow-focus_Mi-madre-come-la-fruta,566,1823.1,2802.1,-115.6,108.5,-45.7,22.2,66,80.2,-30.9,28.6,-53.6,-8.6,-30,10.9,-167.5,-33.8,-185.5
castilian_mismatch_declarative-narrow-focus_Mi-novio-viene-del-lago,490.5,1875.1,2861.6,-66.1,279.6,103.6,-16.5,-222.3,-150,32.8,-21.4,35.1,-87.2,138.2,51,32.4,-53.6,46.3
castilian_mismatch_declarative-narrow-focus_Mi-tia-odia-la-lluvia,476.1,1976.4,2899.5,-21.4,75.2,89.3,-36.4,110.9,-6.9,-141.6,76.8,33.8,48.6,-24.8,-35.7,-60.2,-174.6,-225.8
castilian_mismatch_interrogative-partial-wh_Cuando-comia-la-fruta,540.8,1346.1,2121.3,-25.8,-156.7,-50.4,-4.2,-50.3,-79.6,57.2,180.4,143.7,39.1,39.8,-46.1,-28.6,192.5,238.6
castilian_mismatch_interrogative-partial-wh_Cuando-lavaba-el-plato,566.4,1609.1,2731.7,27.1,11.1,8.7,-30.3,-119.2,-48.2,-34.4,95.4,-4.4,-61.3,-54.8,-195,144.5,-66.2,19.1
castilian_mismatch_interrogative-partial-wh_Cuando-miraba-la-luna,508,1874,3253.9,36.9,107.8,152.8,-27.8,-117.5,54.3,69.2,-99.7,-187.7,163,-3.3,56.7,4.7,144.9,-157.5
castilian_mismatch_interrogative-partial-wh_Por-que-desayuna-muy-bien,457.4,1920.1,2757.1,57.7,-99.4,-37.2,-8.9,-101,-106,28.8,-174.9,-218.7,22.8,-155,-72.8,-31.7,132.5,156.5
castilian_mismatch_interrogative-partial-wh_Por-que-odiaba-la-lluvia,501.8,1855.6,2829.6,16.9,-110.2,-163.2,3.1,-39.1,-70.8,-34.1,-23.2,-62.9,95.9,-169.9,-13.6,-15.7,-6.6,-62.4
castilian_mismatch_interrogative-partial-wh_Por-que-oia-el-rio,496.3,1873,2700.6,25,-5.6,-50.7,7.5,-288.2,-226.6,-33.1,25.2,40.2,13.5,-164.8,-116.8,-5.4,125.1,129.3
castilian_mismatch_interrogative-partial-wh_Por-que-venia-del-lago,485.8,1727.5,2821.1,-35,325.6,13,-18.2,-402.3,-352.6,83.6,63.5,44.7,-26.1,-86.5,-156.9,43.5,-108.4,-29.1
castilian_mismatch_interrogative-partial-wh_Por-que-vivia-en-Paris,477.6,2019.3,2807.5,-21.6,-110.6,-188.9,20.2,-149.5,-25.9,14,-264.9,-171.6,52.3,-280.2,-188.9,-45.3,117.2,112.4
castilian_mismatch_interrogative-total-yn_El-bebe-comia-muy-bien,439.3,1959.2,2711.8,21.5,10.6,32.3,-26.2,118.5,53.6,-7,144.4,83.5,-6.8,-122.1,17.5,-11.3,12.8,104.1
castilian_mismatch_interrogative-total-yn_El-hombre-mira-la-luna,447.7,1876.5,3070.1,-26.3,177.3,-75.4,17,-104.9,66.9,35.8,-22.3,-179.9,74.9,55.2,241.1,-76,187.6,-10.8
castilian_mismatch_interrogative-total-yn_El-nino-oye-el-rio,460.3,2009.5,2927.3,2,215.9,124.5,-37.6,68.4,-16.1,-52.2,268,60.7,55.5,-242.9,-97.7,62.9,-18.4,58.3
castilian_mismatch_interrogative-total-yn_La-maestra-vive-en-Paris,517.6,1951.1,2819.9,37.9,-72.6,1.7,22.9,-26.7,36.4,-22.2,30.6,-14.1,-6.4,-57.3,-69,-55.6,-66.2,15.7
castilian_mismatch_interrogative-total-yn_La-nina-lava-el-plato,514,1832.1,2900.2,-17.8,408.5,219.7,-41.6,0.8,82.9,-24,-12.6,-90.8,20.7,-252.5,-163.3,105.4,-155,50.5
castilian_mismatch_interrogative-total-yn_Mi-madre-come-la-fruta,538.7,1779.5,2723.5,-58.9,162.6,95,-41.6,-31.4,-46.2,66.5,86.5,93.7,-69.5,-100.9,-140.5,-108.6,-13.3,-56.2
castilian_mismatch_interrogative-total-yn_Mi-novio-viene-del-lago,456.6,1761.1,2747.6,-42.3,292.4,77.6,-20.6,-374.9,-192.7,18.4,87.5,149.1,-62.8,5,19.8,11.9,27.1,45.2
castilian_mismatch_interrogative-total-yn_Mi-tia-odia-la-lluvia,456.7,2043.2,3072.6,21.5,183.3,214.8,-75.5,120.3,-16,-116.2,201.9,-7.4,2.2,-77.1,-60.3,-4.9,-126.4,-139.1
castilian_question_filler_Mi-esposo-conoce-al-chico,563.8,1798.2,2801.1,-19.8,123.4,73.3,-51.9,-10.3,-51.5,-82.4,319.1,64.4,-5.4,-135.2,-133.1,-28.9,78.8,16
chilean_match_declarative-broad-focus_Ana-lleva-el-abrigo,530.2,1700.5,2713,40.9,-45.5,-184.7,102,-106.5,89.2,15.9,218.2,54.8,204.3,-241.6,-77.6,-9.9,24.6,70.5
chilean_match_declarative-broad-focus_Daniel-iba-a-Bolivia,490.2,2019.8,2727.6,-97.7,-0.7,-31.7,118.5,259.7,102,-46.3,-265.1,-120.5,176.6,-284,-27.2,-92.8,274,120.8
chilean_match_declarative-broad-focus_David-leia-el-libro,455.5,2090.6,2655.3,-43,-202.6,-183.3,91.6,-302.4,-149.3,-37.3,6.1,-64.6,127.3,-142.2,-116.9,-10.9,-53.1,-66
chilean_match_declarative-broad-focus_Emilio-ama-la-marcha,545.9,1604.1,2135.8,-116,156.4,65.1,19.1,239.7,431.2,-58.4,-65.9,-26.3,92,-67,-89,32,-159.6,-303
chilean_match_declarative-broad-focus_Manuela-vende-el-carro,466.3,1625.4,2616.9,-39,46.2,61.7,61.4,-278,-165.1,-3.1,88.3,43.5,-89.9,-3.2,93.4,73,0.6,-2.2
chilean_match_declarative-broad-focus_Maria-bebe-el-vino,489.4,1988,2812.7,126.7,63.4,100.6,15.1,26.4,79.1,-20.4,-68.6,-54.5,138.9,-396.1,-228.1,42.9,-65.2,-80.8
chilean_match_declarative-broad-focus_Mariano-habla-del-tiempo,553.5,1612.1,2669.9,114.7,89.9,57.1,-98.6,-4.9,0.6,-97.3,279.3,12.2,40.1,-186.1,-17,60.7,-148.9,-12.8
chilean_match_declarative-broad-focus_Marta-abre-el-regalo,578.4,1609.7,2717.1,99,62.5,136.3,-4,-94.2,-26.7,-79.3,24,-64.3,-169.1,-110.1,-18.6,30,55.6,-44.1
chilean_match_declarative-narrow-focus_Ana-lleva-el-abrigo,471.4,1874.8,3079.9,90.7,200.6,-18.8,80.6,-193.6,171.6,-14.4,165.7,154.9,135.3,-183,-24.7,89.8,-339.3,-163.6
chilean_match_declarative-narrow-focus_Daniel-iba-a-Bolivia,464.9,2017.4,2940.2,-20.6,-54.5,-11.7,14.5,321,203.9,-84.7,121.7,95.8,167.1,-571.5,-86,10.1,-95.7,-68.2
chilean_match_declarative-narrow-focus_David-leia-el-libro,432.1,2021.3,2916.2,-5.3,119.3,-75.8,100.7,-380.5,-94.2,-28.2,50.9,16.6,85.8,-39,25.6,30.1,-63.4,-142
chilean_match_declarative-narrow-focus_Emilio-ama-la-marcha,598,1758,2711.7,-271.5,54.4,-153.3,62.3,336.6,381.2,-112.8,-42,-82.7,66.4,-102.5,-33.1,57.7,-187.1,-45
chilean_match_declarative-narrow-focus_Manuela-vende-el-carro,550,1735.4,2525.6,-91.2,-17.6,10,46.2,-208,-105.4,0.2,131.8,204.5,-106.7,-88.6,-53.7,115.2,6.2,-7.3
chilean_match_declarative-narrow-focus_Maria-bebe-el-vino,373,1447.7,2329.9,75.5,-51.2,-170.6,-62.6,-42.1,133.1,-49.3,102.9,222.3,18.8,-53.4,-293.7,19.7,-219.4,-153.6
chilean_match_declarative-narrow-focus_Mariano-habla-del-tiempo,562.9,1694.3,2837,72,100.2,-73.8,14,56.4,0.6,-13.6,247.2,-10.7,135.1,-264.4,25.1,25.2,-155.8,-56.5
chilean_match_declarative-narrow-focus_Marta-abre-el-regalo,596.2,1690.9,2428.9,96.8,-68.7,112.9,36,-104.4,97.2,-50,75.1,43.8,-71,-136.3,11,35.8,28.8,-28.5
chilean_match_interrogative-partial-wh_Cuando-bebia-el-vino,429,1738.6,2598.5,61.8,-50.8,-161.8,79.3,-471.9,-173,-51.5,179,108.1,68.6,-48.1,89,29.5,241.7,219.6
chilean_match_interrogative-partial-wh_Cuando-leia-el-libro,430.5,1912.9,2682.5,26.8,35.5,-55.3,74.9,-638.1,-310.2,-20.3,30.5,72.5,20,-85.8,-12.4,83.7,90.1,84.5
chilean_match_interrogative-partial-wh_Cuando-lleva-el-abrigo,481.3,1758,2778.5,25.3,111.6,-39.9,29.8,-384.2,-66.6,-27.3,52.8,-26.2,116.9,-360.8,-197.7,42.7,-41.7,-27.6
chilean_match_interrogative-partial-wh_Cuando-vendia-el-carro,533.8,1646.6,2503.5,-72.4,148.4,-19.9,9.9,-512.3,-234,120.5,-57.9,-154.2,-12.1,38,186,-21.4,109.1,-17.8
chilean_match_interrogative-partial-wh_Por-que-abre-el-regalo,525.5,1611.7,2440.9,-15.5,88.8,5.6,-25.5,-323.5,-32.5,37.7,107.1,10.4,-27.7,-161.1,50.3,-37.8,-65.6,-89.6
chilean_match_interrogative-partial-wh_Por-que-ama-la-navidad,528.9,1782.3,2659.2,-44.2,-150,-155.8,83.7,-96.8,17.5,-103.2,77.8,155.5,39.2,-235.7,-30.5,24.6,-104.5,-4.9
chilean_match_interrogative-partial-wh_Por-que-hablaba-del-agua,586.9,1684.1,2616.3,-21,115.7,73.7,-9.3,-144.8,-56.6,-47.7,-7.5,85.2,-7.4,-301.1,-61.9,11.9,-228.5,-19.6
chilean_match_interrogative-partial-wh_Por-que-iba-a-Bolivia,504.7,1874.7,2714.3,66.2,-179.1,-1,12.7,-2.8,-6.7,-110.3,138.1,60.8,39.8,-368.1,-94.6,79,-236.3,-143.6
chilean_match_interrogative-total-yn_Ana-lleva-el-abrigo,488,1796,2752.6,61.5,318,95.4,39.8,-252.6,50.3,-9.2,174.9,59.6,131.7,-274.3,-180.1,70.9,-135.5,-48.4
chilean_match_interrogative-total-yn_Daniel-iba-a-Bolivia,477.2,1977.4,2759.7,-44.1,48.4,127.9,58.9,186.4,162.3,-107.8,178.9,142.4,110.1,-405.6,-80.9,27,-183.8,41.5
chilean_match_interrogative-total-yn_David-leia-el-libro,430,1923.5,2704.8,6.2,383.4,127.9,64,-425.3,-153.5,-24.6,41.2,64.6,17.2,-88.1,-25,89.9,-27.9,-127.9
chilean_match_interrogative-total-yn_Emilio-ama-la-marcha,541.3,1814.5,2701.8,-101.1,117.1,98.8,-101.8,244.3,125.7,-15.5,120.3,-2.1,1,-90,-46.3,73.9,-103.3,-71.1
chilean_match_interrogative-total-yn_Manuela-vende-el-carro,532.9,1635.5,2490.4,-47.6,165.1,-34.7,7.3,-265.5,2.1,60.2,54.4,-45.5,-72.6,-36.5,49,21.7,-21.9,-107.1
chilean_match_interrogative-total-yn_Maria-bebe-el-vino,453.5,1885.8,2743.1,65,304.9,72.7,61.2,-162.6,32.1,-65.6,273.1,173.3,21.6,-307.2,-196,68.6,-175,-53.7
chilean_match_interrogative-total-yn_Mariano-habla-del-tiempo,502,1784.9,2717.7,56.9,268.2,33.4,29.5,-244.6,9.5,-94.8,433.2,187.7,-19.5,0.7,20,19.3,-67.8,29.8
chilean_match_interrogative-total-yn_Marta-abre-el-regalo,579.8,1641.1,2629.6,85.1,130.2,35.5,35.7,-288.3,2.8,-2,132.3,-11.7,-73.5,-149.3,23.1,-56,36.5,-34.5
chilean_mismatch_declarative-broad-focus_El-bebe-comia-muy-bien,425,1948.6,2812.9,74,-60.1,-107.3,-28.4,234.5,-25.1,-36,21.4,3.6,-22.5,52.7,53.2,-25.3,83.1,31.4
chilean_mismatch_declarative-broad-focus_El-hombre-mira-la-luna,463.1,1746.5,2639.7,-63.8,144,14.5,55.5,-90.6,60.7,-22.2,-72,-23.4,38.9,404.6,147.1,-48.6,119.2,20.6
chilean_mismatch_declarative-broad-focus_El-nino-oye-el-rio,470.3,1835.9,2811.8,-14.6,145.7,63.8,-108.6,341.2,48.5,-43.6,215.9,-35.3,81.1,-257,-39.7,92.9,51.1,-88.2
chilean_mismatch_declarative-broad-focus_La-maestra-vive-en-Paris,560.9,1892,2715,88.1,-116.9,-14.2,76.3,-58,9.9,-64.2,-185,-124.2,-50.2,-25,3.6,-67.5,42.4,11.9
chilean_mismatch_declarative-broad-focus_La-nina-lava-el-plato,563.5,1763.2,2655.8,-139.1,112.3,62.9,-20.4,58.4,100.4,-21.3,71.7,-12.7,46.5,-19.7,-82,102.4,78.4,-78.2
chilean_mismatch_declarative-broad-focus_Mi-madre-come-la-fruta,547.2,1657,2648.7,-14.2,174,85.1,-84.5,-6.5,119.4,-67.9,6.1,-28,-174.1,-60.1,15.4,-56.1,123.8,-16.4
chilean_mismatch_declarative-broad-focus_Mi-novio-viene-del-lago,505.5,1759.9,2664.1,-78.8,152.5,44.7,12.3,-286,-2.1,-44.1,272.1,84.5,-41.9,70.1,32.9,-28.7,230.3,4.1
chilean_mismatch_declarative-broad-focus_Mi-tia-odia-la-lluvia,473,1988.4,2865.9,40.7,66.7,67.3,-116.6,245.7,106.6,-128.8,220.2,28.4,-29.1,-36.4,1.4,-12.4,-395.4,-69.3
chilean_mismatch_declarative-narrow-focus_El-bebe-comia-muy-bien,463.9,1897.6,2773.7,30.5,-74.5,-44.4,-9.1,181.1,-4,-3.6,28,-10.1,-21.3,41.5,121.5,-54.4,240.6,16.5
chilean_mismatch_declarative-narrow-focus_El-hombre-mira-la-luna,541.2,1833.7,2716.6,-51.9,113.8,-21,156,79.3,127.6,-11.6,65.7,0.4,185.1,460.7,250.2,-66,9.4,36.3
chilean_mismatch_declarative-narrow-focus_El-nino-oye-el-rio,453.1,1973.5,2859.2,0.9,71.8,82,-30.7,227.7,104.1,6,236.6,-88.5,58.8,-86.4,-52.2,81.4,-70.8,-30.3
chilean_mismatch_declarative-narrow-focus_La-maestra-vive-en-Paris,578.6,1900.2,2682.3,17,-135.8,-68.3,124.3,-82.6,-15.4,-90.3,14.9,1.6,6.4,-221,-70.1,-128.9,14,-6.1
chilean_mismatch_declarative-narrow-focus_La-nina-lava-el-plato,567.6,1803.2,2775.7,-77,168.4,99.4,29.5,-9.9,36.4,-9,66.9,41.5,107.2,-30.6,-103.6,107.1,100.5,-49.4
chilean_mismatch_declarative-narrow-focus_Mi-madre-come-la-fruta,593,1675.5,2708.3,-76.9,138.6,12.2,17.8,91.3,116.2,-23.9,10,-61.7,-44.5,2,31.2,-151.7,-97.5,-113.8
chilean_mismatch_declarative-narrow-focus_Mi-novio-viene-del-lago,500.2,1880.3,2774.1,-98.7,159.2,-24.6,-3.2,-276.9,10.6,-32.2,94.1,-9.5,-26.3,-60.9,14.1,9.9,22.2,-33.1
chilean_mismatch_declarative-narrow-focus_Mi-tia-odia-la-lluvia,507.1,1913.8,2676.3,-1.2,80.5,-32.9,-91.7,220.6,141.8,-154.5,213,85.3,0.7,-71.3,36.8,-25.8,-311.2,-27
chilean_mismatch_interrogative-partial-wh_Cuando-comia-la-fruta,575.4,1672.1,2873,-62.8,-174.1,-65.7,-12.9,-229.8,-10.1,56.1,-49.1,-27.8,34.6,146.3,-30.1,-70.8,184.9,10
chilean_mismatch_interrogative-partial-wh_Cuando-lavaba-el-plato,547.1,1522.4,2732.2,4.3,51.7,-12.6,-22.4,-267.9,-88.9,-4.6,193.2,45.7,-53.6,-189.9,-67.5,89.5,-101.4,-20.9
chilean_mismatch_interrogative-partial-wh_Cuando-miraba-la-luna,483.5,1654.1,2744,-1,23.2,-64.8,-33.8,-159.5,-13.4,-47.6,-198.7,-43.3,115,18.6,-164.3,63.7,-201.3,-51.1
chilean_mismatch_interrogative-partial-wh_Por-que-desayuna-muy-bien,454.2,1961.8,2856.2,101.8,-233.4,-151.7,26.3,-40.5,49,11.9,15.8,8.6,-56,-305.6,-27.2,13.2,20.4,-71.9
chilean_mismatch_interrogative-partial-wh_Por-que-odiaba-la-lluvia,488.4,1920.6,2837.3,66.4,-76.2,-86.6,3.9,-105.1,-53.1,-30.2,97.9,87.2,58,-215.9,-52,-20.7,-223.2,47.5
chilean_mismatch_interrogative-partial-wh_Por-que-oia-el-rio,507.7,1660.4,2634.6,28.3,141.4,12.6,8.4,-327.1,-176.5,-45.4,82.4,27,-0.7,-127.1,-103.5,-31.5,-225.6,76
chilean_mismatch_interrogative-partial-wh_Por-que-venia-del-lago,558.1,1698.5,2682.2,-82.3,282.3,-45.5,-0.7,-465.6,-59.7,-5.1,-39.1,-44.6,4.6,-43.3,38.3,30.2,-177.1,-8.9
chilean_mismatch_interrogative-partial-wh_Por-que-vivia-en-Paris,471.4,1868.7,2687.3,-29.1,-78.2,-82.7,25.7,-153,-111.7,-10.7,-215,46.2,86.7,-171.7,-125.4,-62,-28.6,32.2
chilean_mismatch_interrogative-total-yn_El-bebe-comia-muy-bien,476.4,2019.9,2936.9,13.4,-77,-135.8,-21.1,198.9,-35.4,-7,64.2,35.6,-53.3,-31.6,35.8,25.9,157.1,96.4
chilean_mismatch_interrogative-total-yn_El-hombre-mira-la-luna,494.3,1718.8,2667.3,-45.1,201.4,25.5,64.5,13.5,124.5,-7.6,-50,-72.6,53.4,232.3,80.1,31.2,272,146.9
chilean_mismatch_interrogative-total-yn_El-nino-oye-el-rio,479,1744.3,2663.1,-15.3,190.1,242.9,-14.6,2.3,24.5,-60,441.6,97.7,4.1,-108.5,-140.7,14.2,283.4,107.7
chilean_mismatch_interrogative-total-yn_La-maestra-vive-en-Paris,512.5,1812.9,2429.2,103.7,-201.6,-140.5,22.6,50.9,-34.5,17.5,-110.2,-75,-9.4,-8.3,52.4,18.7,201.5,218.8
chilean_mismatch_interrogative-total-yn_La-nina-lava-el-plato,535.9,1608.1,2602.8,-87,279.4,12.5,-42,-75.1,106.1,-3.2,147.1,-19.7,-20.5,-68.5,-106.4,79.4,79.3,-51.6
chilean_mismatch_interrogative-total-yn_Mi-madre-come-la-fruta,584.9,1739.6,2822.3,-70.9,120.1,-124.5,-78.9,102.9,175.8,11.5,102.6,169.7,-29.1,34.2,1.1,-162.5,-34.9,-49.4
chilean_mismatch_interrogative-total-yn_Mi-novio-viene-del-lago,478.7,1743.1,2762.4,-83.3,391.6,139,-6.5,-312,57,21.4,146.8,-38.9,-37.5,53.8,57.6,-1.4,126.1,61.4
chilean_mismatch_interrogative-total-yn_Mi-tia-odia-la-lluvia,555.4,1953.6,2745.6,37.5,121.2,96.1,-14.3,322.7,38.2,-127.3,274.5,232.4,20.2,-82.8,162,-39.6,-301.4,-32.9
chilean_question_filler_Mi-padre-cantaba-bien,491.7,1903.7,2654.4,47,-66,-35.8,-93.6,216.2,360.1,31.2,112.8,-127.5,-70.3,-201.1,-225.9,-24.2,247.5,219.7
cuban_match_declarative-broad-focus_Ana-lleva-el-abrigo,576.9,1876.3,2641.8,132.7,113,-17.5,37.1,-124.1,160,74.3,13.8,12.8,81.8,-276.5,-56.7,-81.8,198.2,78.5
cuban_match_declarative-broad-focus_Daniel-iba-a-Bolivia,474.7,1932.3,2612.3,109.8,134.6,75.3,-6.4,176.5,-86.7,37.8,118.9,33.4,32.8,-541.5,-111.1,91.2,-12.4,-21
cuban_match_declarative-broad-focus_David-leia-el-libro,450.3,1989.6,2596.9,115.4,156.2,35.8,36.7,-434.5,-190.6,48,31.8,13.5,49.3,-53.6,-18.7,49.2,78.4,-77.2
cuban_match_declarative-broad-focus_Emilio-ama-la-marcha,662.1,1899.9,2800.2,-125.8,181.3,66.6,-144.2,240.7,-141.7,6.5,-106.4,-80.9,43.6,-244.4,14,116.6,-149.9,5
cuban_match_declarative-broad-focus_Manuela-vende-el-carro,555.8,1779.8,2435.9,36.3,-142.5,-34.9,-31.7,-230.5,-121.7,-38.3,88.5,62.6,-96.6,-58.7,-39.5,83,-89.1,-33.5
cuban_match_declarative-broad-focus_Maria-bebe-el-vino,489.6,1947.1,2592.8,107.9,-63.1,-60.2,-38.2,-143.1,-20,-43.2,-34.7,34.8,-8.6,-472,-435.4,-18.1,71,61.3
cuban_match_declarative-broad-focus_Mariano-habla-del-tiempo,567.2,1761.2,2475.4,97.9,90.4,50,-100.6,-73.8,6.6,-8.8,147.6,30.2,15.7,-437.6,-114.3,19.3,-94.9,-36.9
cuban_match_declarative-broad-focus_Marta-abre-el-regalo,618,1815.1,2557.9,39.8,-37.4,37.4,17.4,-158.9,-61.9,-93.4,130.7,17.5,-65.2,-149.7,-58.3,71,-116,-102.9
cuban_match_declarative-narrow-focus_Ana-lleva-el-abrigo,524.7,1912.4,2732,181.4,169.6,54.7,-31.5,-121.5,179.2,85.6,32.7,72.5,73,-297.8,-42.9,39.8,40.3,-22.5
cuban_match_declarative-narrow-focus_Daniel-iba-a-Bolivia,485.7,2005.3,2695.9,107.6,78.1,126.1,-15.1,210.5,-145.4,38.4,19,93,70.2,-487.2,-95.5,40.8,111.1,90.3
cuban_match_declarative-narrow-focus_David-leia-el-libro,458.6,2079.1,2630.1,53,65.3,-17.3,40.5,-369.6,-188.6,27.1,-6.3,8.4,76.9,-84.7,-114.3,9.9,54.9,-4.3
cuban_match_declarative-narrow-focus_Emilio-ama-la-marcha,570.2,1925,2659.7,-85.6,217.1,-20.6,-67,304.7,-14.2,-16.2,-212.2,-97.9,99,-152.8,6.1,7,-134.8,-54.8
cuban_match_declarative-narrow-focus_Manuela-vende-el-carro,516.6,1772,2426.8,66.6,-54.8,0.1,-89.1,-310.6,-195.5,83.3,65,-3.9,-180,-8.7,-3.5,25.4,-72.6,-72.6
cuban_match_declarative-narrow-focus_Maria-bebe-el-vino,477.9,1923.7,2518.7,122.5,-5,123.1,-19.3,-96.2,-116.6,7,106.4,167.7,-15.4,-272.1,-150,82,-166,-40.3
cuban_match_declarative-narrow-focus_Mariano-habla-del-tiempo,507.1,1692.1,2249.5,201.1,259.9,34,-81.4,-343.5,-151.6,35.9,326.4,197.3,-8.7,-11.7,-91.8,27.5,-145.1,-94.9
cuban_match_declarative-narrow-focus_Marta-abre-el-regalo,545.3,1760.9,2468.1,134.6,116.3,179.1,-92.9,-302.3,-146.4,117.1,43.8,48.2,-136.6,-43.7,-57.1,-15.4,-79.7,-48.7
cuban_match_interrogative-partial-wh_Cuando-bebia-el-vino,466.9,1854.1,2869.4,147.5,-393.7,308.5,59.1,-221.8,268,57.9,120.9,240.2,12.9,-126.6,-97.4,-7.5,-65.6,-77.4
cuban_match_interrogative-partial-wh_Cuando-leia-el-libro,493,1900.5,2606.5,90.4,-7,113.3,55.5,-515,-197.6,-19.6,-77.4,123.2,51.5,-128.9,23.1,55.3,74.3,59.9
cuban_match_interrogative-partial-wh_Cuando-lleva-el-abrigo,488,1545.9,2015.7,99.7,-74.3,-242,-60.8,-279.3,-48.7,59.7,-62.8,-49.6,65.7,-259.4,-287.9,30.4,160.7,311.2
cuban_match_interrogative-partial-wh_Cuando-vendia-el-carro,518.2,1622.9,2154.7,2.7,-86.4,-58.5,-9.2,-324.8,-314.7,136.2,65.8,7.2,-105.6,-30.3,-24.7,71.2,45,125.3
cuban_match_interrogative-partial-wh_Por-que-abre-el-regalo,554.7,1792.9,2456.2,16.6,1.4,27.6,-78.3,-220.3,-74.2,10.5,-2,96.2,-84.9,-222,-43.1,160.7,-162.5,-75.2
cuban_match_interrogative-partial-wh_Por-que-ama-la-navidad,626,1709,2451.8,7.1,-29.5,141.9,-65.9,-13.5,91.9,-185.8,-228,-138.9,35.5,-86.2,135,-21.5,-251.8,-23.3
cuban_match_interrogative-partial-wh_Por-que-hablaba-del-agua,638.4,1586.3,2602,-96.1,177.2,-209,-37.6,-161.7,-74.1,-28.7,-57.6,24.2,37.1,-40,25.7,-58.1,-302.1,-25.3
cuban_match_interrogative-partial-wh_Por-que-iba-a-Bolivia,517,1810.9,2588.6,111.8,-227.3,77.9,-39,-12.2,-20.1,-90.8,-67.4,7.2,-54.8,-502.1,-82.4,-20.8,-68.3,-6.8
cuban_match_interrogative-total-yn_Ana-lleva-el-abrigo,554.1,1813.9,2586.2,181.7,225.8,124.1,30,-215.1,-32.9,52.1,197.6,240.8,77.1,-374.8,-123.2,78.6,-36.6,105.8
cuban_match_interrogative-total-yn_Daniel-iba-a-Bolivia,567.6,1998.7,2716.9,30.7,100.1,47.1,88.6,262.3,52.4,-8.5,-81.4,-34.9,114.3,-484.2,-63.5,-13.1,95.4,-97.5
cuban_match_interrogative-total-yn_David-leia-el-libro,461.5,2032.8,2692.1,80,186.7,99.2,10.7,-462.8,-201.5,24.9,2.8,122.8,-5.5,-138.9,-19.4,42.6,35.8,30.8
cuban_match_interrogative-total-yn_Emilio-ama-la-marcha,584.5,1819.6,2581.3,-10.2,38.1,9.8,-172.1,153.5,-213.5,-6.2,60,-10.6,-43.3,-190.1,-170.1,118.6,-27.1,78.5
cuban_match_interrogative-total-yn_Manuela-vende-el-carro,607.6,1811.8,2496.6,40.4,40.8,161.7,21.8,-317.3,-145.2,97.9,143.7,179.1,-122.3,3.7,37.3,65.9,-29.8,-5
cuban_match_interrogative-total-yn_Maria-bebe-el-vino,473.8,1894,2543.8,87.7,-82,40.3,-53.8,-270.5,-263.6,-39.3,52.4,100.1,-60.4,-431.5,-318.2,-6.5,-49.6,-88.3
cuban_match_interrogative-total-yn_Mariano-habla-del-tiempo,547.5,1791.2,2582.1,143,227.5,146.3,-63.5,-283.7,-128.8,5.5,316.4,140.2,-34.1,-257.5,5.4,29.6,-138.3,-16.1
cuban_match_interrogative-total-yn_Marta-abre-el-regalo,583.8,1762.4,2461.8,50.2,115.6,57.7,-26,-296.5,-72.5,72.9,102.8,83.4,-171.7,-114.6,-218.8,-2.5,-64.6,24.3
cuban_mismatch_declarative-broad-focus_El-bebe-comia-muy-bien,426.2,1905.6,2734.2,148.1,-43,-313.2,-101.1,173.7,174.2,37.5,137.2,-134.1,-46.6,-34.2,-58.3,-11.3,139.6,175.6
cuban_mismatch_declarative-broad-focus_El-hombre-mira-la-luna,471.8,1738.4,2409.9,79.6,138.4,107.1,-107.7,-77.9,-241.3,144.2,42.7,259.4,-6.2,261,167.1,-62.8,146.7,4.3
cuban_mismatch_declarative-broad-focus_El-nino-oye-el-rio,472.7,1996.1,2990.4,33.2,105.6,141.8,-99.4,218.6,-113,31.9,234,-71.6,44.9,-416.4,-172.5,40.1,2.1,-70.3
cuban_mismatch_declarative-broad-focus_La-maestra-vive-en-Paris,507.2,1856.2,2413.8,137.9,-47.5,-61.2,-54.5,-16.9,27,9.4,-172.6,-130.5,-83.8,65.1,122.5,72.6,126.8,217.8
cuban_mismatch_declarative-broad-focus_La-nina-lava-el-plato,595.5,1910.2,2786.8,-46.4,227.8,123,-18.9,26.4,58.9,-5.3,-160.5,-299.9,52.4,-176.7,-289.2,87.1,-84.9,-117.6
cuban_mismatch_declarative-broad-focus_Mi-madre-come-la-fruta,542.5,1598.2,2433.4,25.5,-125.8,-73.4,-64.6,-75.9,-59.4,-38,-181,-72.1,-22.1,-134.8,-43.1,-126.3,-101.3,9.7
cuban_mismatch_declarative-broad-focus_Mi-novio-viene-del-lago,509.9,1735.5,2568.8,-50.2,143,0.6,-15,-308.6,-78.3,37.4,218.4,87.6,-112.5,-81.8,-90.1,37.4,-93.9,-93.4
cuban_mismatch_declarative-broad-focus_Mi-tia-odia-la-lluvia,482.5,1957,2746.1,37.9,174.6,59.1,-113.5,79.4,-115.9,-34.5,-67,-60.2,42.2,-220.6,-110.7,34,-390.3,-149.9
cuban_mismatch_declarative-narrow-focus_El-bebe-comia-muy-bien,552.2,1906.6,2594.9,28.6,-115.1,-62.1,-69.6,131.5,24.4,-2.3,-147.2,-129.8,-12.8,-128.4,-49.4,21.3,-113.6,8.7
cuban_mismatch_declarative-narrow-focus_El-hombre-mira-la-luna,496.7,1783,2467.3,14.4,64.4,27.6,-14.7,64.8,23.7,97.1,118.3,193.7,28.4,270.1,48.5,-83.1,72.1,-56.5
cuban_mismatch_declarative-narrow-focus_El-nino-oye-el-rio,482.2,2117.4,2796.5,63.6,321.7,87.7,-77.2,69.6,30.5,30.3,125.3,-57.7,18.2,-426.8,-50.2,31.8,107.9,27.6
cuban_mismatch_declarative-narrow-focus_La-maestra-vive-en-Paris,530.5,1969.4,2683.7,86.5,-157.7,-139.3,61.9,115.4,108.5,-63.6,-240.1,-130.4,-15.6,-76.2,63.4,-15.9,-111.4,-100.4
cuban_mismatch_declarative-narrow-focus_La-nina-lava-el-plato,599.2,1939.7,2766.9,-37.8,284.9,200.5,-26.5,91.8,103,58.2,-73.8,-99,85.7,-184.3,-82.1,94.2,-46,-23.3
cuban_mismatch_declarative-narrow-focus_Mi-madre-come-la-fruta,566.5,1746.5,2620.9,-40.3,-20.2,14.9,-53,46,32.9,-43.3,-45.2,-80.6,-61.6,-39.9,-17.4,-68.3,85.5,79.7
cuban_mismatch_declarative-narrow-focus_Mi-novio-viene-del-lago,517.3,1776.4,2610.5,-73,157.8,-98.6,28.7,-153.8,-83.2,-36.9,329,104.2,-57.2,-81.6,-88.1,-15.2,-76.7,-66.6
cuban_mismatch_declarative-narrow-focus_Mi-tia-odia-la-lluvia,512,1944.2,2787.1,14.4,202.7,172.4,-108.6,114,-122.7,-72.9,-23.5,-110.7,56,-113.9,-30.6,21.1,-428.4,-97.2
cuban_mismatch_interrogative-partial-wh_Cuando-comia-la-fruta,507.6,1413.4,1977.1,86.1,-24.3,-78.8,-115.6,-152.5,-245.7,58.4,-66,-33.7,68,207.2,100.5,12.2,64.1,18.7
cuban_mismatch_interrogative-partial-wh_Cuando-lavaba-el-plato,566.6,1561.2,2814.6,37.9,-52.8,0.6,5.4,-74.5,283.4,3,97.9,-36,-146.1,-111.6,-142.3,163.9,-123,-2.2
cuban_mismatch_interrogative-partial-wh_Cuando-miraba-la-luna,512.3,1663.6,3010.4,97.3,68.9,-35.7,-107,-14.8,352.4,37.7,-160.9,24.3,61.5,-30.8,83.5,154.1,-91.9,-18.7
cuban_mismatch_interrogative-partial-wh_Por-que-desayuna-muy-bien,496,1893.9,2738.6,76.2,-145.4,118.7,-31.6,-60.7,48.1,7.7,-353.7,-293.4,-31.5,-205.1,-18,0.5,61.3,105.1
cuban_mismatch_interrogative-partial-wh_Por-que-odiaba-la-lluvia,530.8,1743.2,2725.4,7.2,-75.9,1.3,-60.3,-83.2,-78.7,-45.1,-179.7,-46.3,66.9,-51.2,-103.9,-53.9,-178.7,20.7
cuban_mismatch_interrogative-partial-wh_Por-que-oia-el-rio,538.8,1852.1,2698.2,-14.4,-279.1,-48.2,-64,-207,-6.4,16,11.6,-9,1.1,-284.9,-5.6,19.8,70.8,50.8
cuban_mismatch_interrogative-partial-wh_Por-que-venia-del-lago,579,1701.1,2688,-38.3,55,-47.9,-28.5,-475.9,-250,9.9,-63.1,-2.3,-70.9,-126.6,37.4,14.9,15.9,30.7
cuban_mismatch_interrogative-partial-wh_Por-que-vivia-en-Paris,631.1,1966.1,2788.9,-322.3,-289.4,-355.4,282.4,-61.1,244.7,-209,-196.1,-171.8,144.5,-156.5,109.3,-111.8,43.7,32.7
cuban_mismatch_interrogative-total-yn_El-bebe-comia-muy-bien,459.6,1868.2,2585.8,88.5,-44.7,-75.6,-46.3,75.2,-9.5,31.4,195.8,55.5,-56.9,-132.5,-5.3,32.7,16.4,-20.2
cuban_mismatch_interrogative-total-yn_El-hombre-mira-la-luna,549.5,1754.6,2550.4,-33.9,80.6,-119.7,-36,-133.7,-133.3,81.3,54.8,161.3,10.8,234.6,117.4,-54.8,79.9,-10.4
cuban_mismatch_interrogative-total-yn_El-nino-oye-el-rio,495.4,2022.3,3104.3,-15,103.8,200.9,-64.3,44.3,155,-11.9,188,108.2,61.5,-431.2,-280.1,31.8,-174.2,-265
cuban_mismatch_interrogative-total-yn_La-maestra-vive-en-Paris,489.7,1724.3,2217.1,95.5,-102.4,-247.8,27.1,129.2,181.4,55,-58.6,-94.7,-40.2,-203.8,-264,16.3,18.8,41.1
cuban_mismatch_interrogative-total-yn_La-nina-lava-el-plato,606.2,1866,2647.2,-53.9,269.8,274,-0.8,-65.3,74.5,-4.7,-177.2,-20.2,25.1,-166.1,66,-22.1,62.3,9.9
cuban_mismatch_interrogative-total-yn_Mi-madre-come-la-fruta,597.2,1737.6,2529.3,-68.8,-34.2,-83.1,-78.2,31.8,107.1,8.8,-68.1,-66.5,-132.8,-102.8,-119.3,-16.7,51.1,-61.4
cuban_mismatch_interrogative-total-yn_Mi-novio-viene-del-lago,537.5,1746.9,2612.7,-40.6,213.8,156.8,-1.7,-309.2,-59.6,37.5,273.8,219.4,-93.4,87,-22,-6.9,60.3,43.1
cuban_mismatch_interrogative-total-yn_Mi-tia-odia-la-lluvia,479.1,1697,2369.4,-12.5,52.5,91.7,-97.9,-69,71.9,-43.3,-21.1,13.3,27.5,-130.1,-193.9,28.8,-274.4,-84.8
cuban_statement_filler_Cocinabas-por-la-noche,531.1,1492.7,2049,87.7,-4.3,-89.4,-122.2,-0.5,78.4,-69.5,-199,-248.9,97.1,-256.5,-36.1,-24.9,-300.2,-259
mexican_match_declarative-broad-focus_Ana-lleva-el-abrigo,495.7,1693.8,2486.8,76.7,284.1,119.2,-26.2,-74.7,-154.6,16.6,81.3,-72.9,48,-199.6,-170.4,16.6,-34,-48.9
mexican_match_declarative-broad-focus_Daniel-iba-a-Bolivia,479.6,2015.6,2834.9,30.2,32.9,127.1,-31.3,216.9,141.5,-1.1,-298.9,-55.7,52.7,-307.4,23.8,-66.5,172.9,-3.9
mexican_match_declarative-broad-focus_David-leia-el-libro,435.7,2025,2763.9,27.7,56.4,228,-5.1,-310.6,-111.5,33.8,93.8,160.4,26.2,29.1,55.8,-23.2,-52.9,112.9
mexican_match_declarative-broad-focus_Emilio-ama-la-marcha,536.8,1778.4,2476,-75.3,130.3,-24.1,4.4,278.7,207.1,-29.7,-30.1,45.5,71,-36.6,83.6,-15.1,-220,-341.8
mexican_match_declarative-broad-focus_Manuela-vende-el-carro,551,1799.4,2703.9,-66,-24.1,-56.5,46.2,-166,-146.1,-36.2,93.1,6.1,-64.3,-36.5,13.4,52.5,-58.8,-24.9
mexican_match_declarative-broad-focus_Maria-bebe-el-vino,453.8,1890.9,2551.7,61,5.6,102.1,-1,-10.7,-142.4,-19.5,97.8,64.9,-44.1,-181.7,-216,11.8,-87.9,-96.3
mexican_match_declarative-broad-focus_Mariano-habla-del-tiempo,485.2,1784.6,2660.6,75.1,-1.5,-45.5,-29.5,-6.5,-97.5,-62.7,133.8,3.1,-3.7,-201.7,-216.6,-10.7,-100.9,-215.9
mexican_match_declarative-broad-focus_Marta-abre-el-regalo,524.3,1728.8,2603,38,-62.7,-12.6,-26.5,-28.9,-72.8,-41.1,45.6,-11.8,-100.6,-104.3,-181.7,40.3,-1.7,-130
mexican_match_declarative-narrow-focus_Ana-lleva-el-abrigo,510,1754.6,2508.9,56.2,95.5,40.4,2.4,-9.6,-276.5,24.9,-38.5,-253.4,37.8,-215.3,-273.6,-15.6,-1.3,-79.1
mexican_match_declarative-narrow-focus_Daniel-iba-a-Bolivia,463.2,1914.7,2765.6,24,-62,104.1,-31.6,100.4,155.2,-14.1,-366.2,-31.1,41,-408.5,3.6,-49.5,25.6,-7.9
mexican_match_declarative-narrow-focus_David-leia-el-libro,425.9,1850.9,2671.8,14.9,-80,125.8,13.4,-375.8,-211,7.5,-120.4,-3.8,34.2,-81.9,39.4,-8.9,-134.6,-19.9
mexican_match_declarative-narrow-focus_Emilio-ama-la-marcha,535.5,1811,2642.7,-105.2,124.1,-66.5,59.8,230,117.3,-61.9,-94.7,-164.5,37,-25.4,114.4,-1.3,-89.5,-50.5
mexican_match_declarative-narrow-focus_Manuela-vende-el-carro,511.9,1801.1,2664.9,-34.7,4.2,161.8,37,-202.5,-189,-28.8,72.8,146.6,-15.6,-40.7,38.1,22.1,-54.1,64.7
mexican_match_declarative-narrow-focus_Maria-bebe-el-vino,484.2,1943.1,2764.8,52.5,-31.9,68.5,16.3,71.7,42.3,-78.9,55.5,31,-16.3,-225.7,-56.8,-7.6,-56.9,-19.3
mexican_match_declarative-narrow-focus_Mariano-habla-del-tiempo,494.6,1768,2691.3,53,8,-24.1,14.9,-111.2,-93.9,-67.8,178.9,13.4,-3.9,-189.1,-32.5,0.1,-86.6,-221.4
mexican_match_declarative-narrow-focus_Marta-abre-el-regalo,521.7,1750.6,2728.1,54.4,-103.9,43.3,-26.3,-98.1,-15.6,-8.4,108.8,123.5,-85.1,-100.6,-60.6,17.6,-24.2,-137.5
mexican_match_interrogative-partial-wh_Cuando-bebia-el-vino,483.7,1839.4,2644.3,0.6,-154.1,18.9,107.7,-216.6,-38.5,-27.3,68.5,14.8,74.3,51.1,108.2,-15.1,84.8,-45
mexican_match_interrogative-partial-wh_Cuando-leia-el-libro,470.1,1848.1,2559.9,35.2,-20.2,86.1,32.1,-477.4,-270,-2,31.8,63.3,28.2,41.1,-14.5,11,63.3,78.4
mexican_match_interrogative-partial-wh_Cuando-lleva-el-abrigo,496.7,1719.7,2654.6,28.7,99.2,335.3,3.7,-132,-86.1,20.1,-41.3,-107.1,89.1,-244.9,-181.6,0.1,56,-59
mexican_match_interrogative-partial-wh_Cuando-vendia-el-carro,565.5,1843.3,2739.5,-72.2,-41,3.8,17.4,-339.7,-133.8,100.1,-41.1,-2.3,-36.2,59.8,13.3,-16.3,0.5,-36.3
mexican_match_interrogative-partial-wh_Por-que-abre-el-regalo,518.9,1736.4,2527.2,41,1.1,-36.2,-8.3,-62.1,-32.2,-28.9,0.6,79.1,-108.4,-191.3,-125.9,35.2,-157.9,-74.6
mexican_match_interrogative-partial-wh_Por-que-ama-la-navidad,502.5,1744,2662.4,34.3,-123.9,-112.6,-49.9,-23.7,26.5,3.1,34.6,-40.3,-6.9,-141.8,9.9,24,-77.3,33.7
mexican_match_interrogative-partial-wh_Por-que-hablaba-del-agua,549.6,1644.6,2655.2,23.6,189.6,0.4,-64.3,-117.9,-159.8,-32.9,43,88.7,-23.9,-121.2,18.8,6.8,-222,-114.8
mexican_match_interrogative-partial-wh_Por-que-iba-a-Bolivia,495.9,1851.7,2653.5,39,-99.4,-19,-0.3,89.9,-20.1,-33.2,-352,-184.1,54.7,-404.6,15.2,-65.6,57.7,-83.8
mexican_match_interrogative-total-yn_Ana-lleva-el-abrigo,490.2,1758.4,2676.3,41.4,190,325.9,-0.6,29,43.7,-6.1,149.4,69.1,54.7,-212,-129.9,-1.2,-60.7,-128.4
mexican_match_interrogative-total-yn_Daniel-iba-a-Bolivia,459.8,1921.3,2797.3,7.5,79.8,106,15.8,180.9,184.7,-48,-179.5,-61.5,63.6,-352.4,94.3,-52.6,150.8,-47.7
mexican_match_interrogative-total-yn_David-leia-el-libro,454.6,1856.9,2495.3,-31.3,71.1,113.1,0.5,-524.6,-430.6,-0.6,-29.9,-82.1,81.5,-116.8,-129.7,-15.5,-99.4,-43.9
mexican_match_interrogative-total-yn_Emilio-ama-la-marcha,563.9,1786.8,2649.9,-93.6,80.6,-123,17.6,339.9,138.3,-47.7,68.1,-91.7,32.7,41.9,208,56.1,-23.6,44.4
mexican_match_interrogative-total-yn_Manuela-vende-el-carro,526.1,1832.5,2704.8,-21.3,29.1,72.6,17.7,-183.8,-136.9,-22.1,129.9,32.5,-68.9,-22.2,-52.6,54.5,-115.1,-104.4
mexican_match_interrogative-total-yn_Maria-bebe-el-vino,476.6,1905.5,2770.9,26.1,5.4,-89.7,34,21.8,62.5,-81.1,123,-126.5,0,-234.2,-118.2,2.7,-145.2,-197
mexican_match_interrogative-total-yn_Mariano-habla-del-tiempo,491.2,1702.9,2584.4,63.6,94.4,51.2,-18.1,-91.4,-189.1,-77.3,268.6,146.6,54.6,-205.2,-18.5,12.9,-40.9,-137
mexican_match_interrogative-total-yn_Marta-abre-el-regalo,546.5,1693.1,2555.6,41.5,2.4,163.9,12.4,-60.9,-85.1,-43.4,51.7,-2.5,-66.9,-77.5,-207.8,31.9,-56.9,-163.2
mexican_mismatch_declarative-broad-focus_El-bebe-comia-muy-bien,462.8,1905.4,2624.1,42.7,-149.3,-99.7,-56.4,144.8,129.3,8.7,90.6,33.3,12.8,-17.2,115.8,40.3,25.6,-14.7
mexican_mismatch_declarative-broad-focus_El-hombre-mira-la-luna,481,1760.4,2494.1,-5.1,93.6,83.6,-8.8,-66.1,-62.1,33,5,166,21,255.7,200.6,-17.5,80.3,31
mexican_mismatch_declarative-broad-focus_El-nino-oye-el-rio,465,2030.4,2777.3,33.6,134.7,57.4,-20.5,166.7,25,-38.2,244.3,244.5,44.6,4.9,119.1,28.7,-101,-83.9
mexican_mismatch_declarative-broad-focus_La-maestra-vive-en-Paris,489.6,1903.3,2687,41.5,-116.8,32.2,26,33.7,95,-55.6,-210.9,-272.5,-6.1,24.1,40.9,-21.3,51.7,105.3
mexican_mismatch_declarative-broad-focus_La-nina-lava-el-plato,530.6,1878.4,2987.4,13.6,149.8,213.8,-1.9,64.4,111.7,-44.3,0.1,-89.6,6.2,-137.2,-178.8,85,-109.1,-71.7
mexican_mismatch_declarative-broad-focus_Mi-madre-come-la-fruta,519.4,1737.5,2572,-20.2,121.9,-40.1,-13.9,93,28.4,-9.2,8.9,-27.6,-42.3,-36.5,-73,-60.6,-5.5,-103.1
mexican_mismatch_declarative-broad-focus_Mi-novio-viene-del-lago,496.9,1796,2630.8,-30.3,223.7,45.1,-12.9,-190,-159.2,-13.8,103,154.3,-45.1,-18.9,-56.5,17.9,13.7,-54
mexican_mismatch_declarative-broad-focus_Mi-tia-odia-la-lluvia,488.2,1981.5,2820,19.1,38.7,19.3,-90.4,168.6,-40,-77.5,66,1.7,15.5,-75.6,-62.9,9.4,-169.1,-68.7
mexican_mismatch_declarative-narrow-focus_El-bebe-comia-muy-bien,459.6,1851.3,2534.3,6.7,-27,33.2,-40.2,151.3,52.4,5.1,122.6,119.6,-6.4,-34.2,-20.4,28.1,168.8,179.7
mexican_mismatch_declarative-narrow-focus_El-hombre-mira-la-luna,514.8,1921.4,2743,-34,162.8,-41,5.8,89.4,121.6,39.6,186.9,210.1,11.5,269.6,220.3,-29.8,58.2,-47.7
mexican_mismatch_declarative-narrow-focus_El-nino-oye-el-rio,452.7,2029.8,2726.2,20.2,199,52.7,-21.1,91.7,62.9,-27.2,91.8,195.7,56.1,-145.4,-78.8,21.7,-15.8,-101
mexican_mismatch_declarative-narrow-focus_La-maestra-vive-en-Paris,476.4,1838.5,2636.2,48.7,-129.1,33.1,2.1,7.7,109.3,-32,-187.5,-152.7,-20.9,142.5,87.2,33.1,-12.6,14.3
mexican_mismatch_declarative-narrow-focus_La-nina-lava-el-plato,530.4,1890.2,2867.2,-26.6,185.6,68.2,-18.4,34.1,72.5,-19.4,-9.1,97.5,12.2,-148.2,111,71.2,-7.5,256
mexican_mismatch_declarative-narrow-focus_Mi-madre-come-la-fruta,522.9,1587.4,2447,-18.8,-208.2,-52.5,-53.3,-199.6,-84.5,-42,-252.6,-16.9,-1.7,-280.8,0.2,-36.3,-140.4,9.3
mexican_mismatch_declarative-narrow-focus_Mi-novio-viene-del-lago,482.1,1745.7,2714,-22.1,188.6,38.4,2.4,-271.3,-60.7,-8.5,99.8,143.1,-50.9,-8.8,51.8,38.3,27.2,-32.9
mexican_mismatch_declarative-narrow-focus_Mi-tia-odia-la-lluvia,495.6,1837.4,2728.4,7.4,-116.2,-27.5,-82.4,22.1,-131.7,-79.8,-69.3,-59.8,30.3,-190.6,-74.1,23.6,-299.4,-108.9
mexican_mismatch_interrogative-partial-wh_Cuando-comia-la-fruta,507.9,1478.6,2144.1,36,-32.5,-247.9,-26.4,-114.7,-147.5,10.3,157.5,102.9,-0.1,29.2,25,-66.4,-101,-113.6
mexican_mismatch_interrogative-partial-wh_Cuando-lavaba-el-plato,577.3,1678,2712.6,-4.2,-49.5,-51,37.8,93.1,28.7,-14.8,11.8,-27.2,12.7,-186.7,-168.9,34,-156.4,-79.1
mexican_mismatch_interrogative-partial-wh_Cuando-miraba-la-luna,502.9,1757.3,2650.1,31.6,59.6,91.5,-77.9,67.7,53.6,28.8,-133.7,69.6,35.4,-163.8,-4.7,51.3,-54,-11.9
mexican_mismatch_interrogative-partial-wh_Por-que-desayuna-muy-bien,470.7,1940.8,2652.1,3.6,-147.8,62.9,-32.3,-16,-38.4,5,-115.1,-159.1,-0.2,-210.7,-195.4,-43.6,82.4,92
mexican_mismatch_interrogative-partial-wh_Por-que-odiaba-la-lluvia,497.5,1796,2660.3,40.4,-102.4,-87.1,-14.2,-21.1,12.4,-76.8,-122.9,-53,47.8,-87.1,11.1,-54.7,-194.2,-157.7
mexican_mismatch_interrogative-partial-wh_Por-que-oia-el-rio,503.5,1826.9,2577.4,19.8,-108.9,-2.4,-7.8,-324.7,-249.1,-68.1,-29.9,27.7,-1.9,-140.4,-99.4,-21.4,116,52.5
mexican_mismatch_interrogative-partial-wh_Por-que-venia-del-lago,519.2,1689.7,2615.5,-30.8,327.7,153,-50,-377.7,-360,-4.9,51.9,59,-22.3,-39.6,52.2,-0.5,55.4,-49.2
mexican_mismatch_interrogative-partial-wh_Por-que-vivia-en-Paris,451.7,1957.8,2607.9,-38.5,-130.8,-136.7,10.9,6.7,108.1,-9.5,-146.2,-101.5,36.7,-310.2,-88.7,-53.3,87.3,76.9
mexican_mismatch_interrogative-total-yn_El-bebe-comia-muy-bien,477.5,1953.2,2601.9,12,-101.9,10.1,-53.2,97,-10.6,-36.9,129.4,82.1,21.8,-77.4,-26.5,4.9,207.8,223.3
mexican_mismatch_interrogative-total-yn_El-hombre-mira-la-luna,475.5,1859.9,2728,-30.4,108.5,-136.8,-0.2,48.1,83.8,26.6,118.2,133.1,36.5,218.3,237.2,-36,111.9,-37.8
mexican_mismatch_interrogative-total-yn_El-nino-oye-el-rio,462.2,2012.9,2783.3,4.7,259.2,146.1,-0.7,124.3,-135.8,-66.4,220.4,153.5,42.3,-122.4,6.6,38.5,-16.6,26.8
mexican_mismatch_interrogative-total-yn_La-maestra-vive-en-Paris,477.5,1922.6,2672.5,41.7,-170.6,-38.4,10.3,71.6,147.9,-8.4,-159.2,-208.9,1.6,-82.9,-14.7,-9.5,134.5,9
mexican_mismatch_interrogative-total-yn_La-nina-lava-el-plato,519.5,1743.7,2658.7,-21.9,275.2,276.7,-6.8,-21.9,8.2,-35.8,25.5,43.6,42.9,-200.8,-59.4,72,-59.8,65.6
mexican_mismatch_interrogative-total-yn_Mi-madre-come-la-fruta,493.8,1718.4,2665.3,5.2,98,-173.9,-32.4,22.9,2.4,-57.8,-12.8,-99.6,7,-36.5,-103,-49.4,-43.7,-96.9
mexican_mismatch_interrogative-total-yn_Mi-novio-viene-del-lago,467.8,1769.9,2601.4,-49.7,347.8,109.4,13,-289.6,-234.4,2.7,172.6,154.6,-5.5,11.2,-44.6,-8.8,128.2,-19.7
mexican_mismatch_interrogative-total-yn_Mi-tia-odia-la-lluvia,482.4,1967.6,2874,13.9,71.6,15.3,-56,235.7,26.6,-97.9,159.1,-62.1,9.3,-82.2,18.8,-18.7,-205.4,-175.4
mexican_question_filler_Felipe-no-tiene-contrasena,500.4,1952.7,2845.6,-41.5,58.1,-178.7,-8.3,68.9,77.2,1.4,-58.9,-95.8,4.7,2.5,58.1,-0.9,142.2,126.3
peruvian_match_declarative-broad-focus_Ana-lleva-el-abrigo,484.4,1579.4,2484.1,74.6,55.1,-38.2,-7.5,-143.9,23.6,64.2,128.4,14,117.7,-329.3,-59,-36.5,194.2,-15.9
peruvian_match_declarative-broad-focus_Daniel-iba-a-Bolivia,432.8,1805.4,2592.9,33.9,23.2,36.6,-8.1,228,131.6,-6.6,-242.5,-40.6,73.9,-360.6,-119.8,-86.5,215.6,56.5
peruvian_match_declarative-broad-focus_David-leia-el-libro,387.5,1941.4,2672.3,4.1,40.1,95.4,57.3,-465.6,-147.2,28.1,-1.6,0.7,58.1,-211.4,-9.6,-67.7,53.9,-4.8
peruvian_match_declarative-broad-focus_Emilio-ama-la-marcha,542.6,1691.3,2510.7,-170.4,360,98.2,-77.9,241.6,86.6,25.5,-29.7,-39.1,71,-144.1,-47.8,48.4,-170,-69.5
peruvian_match_declarative-broad-focus_Manuela-vende-el-carro,515.4,1615.5,2490.7,-30.9,-15,93.8,59.8,-303.4,-135.3,-29.3,98.6,4.4,-27.6,34.3,78.6,88,-78.7,-58.5
peruvian_match_declarative-broad-focus_Maria-bebe-el-vino,443.4,1683,2502.6,-6.9,-49.4,-67.4,27.4,-171.7,9.7,-78.4,51.7,-5.9,77.5,-311.2,-144.3,-11.9,-50.5,17.2
peruvian_match_declarative-broad-focus_Mariano-habla-del-tiempo,482.6,1501,2530.3,50.8,47.9,-74.9,-28.1,-46.6,-32.8,-64.7,334.8,72,25.7,-272.5,-51.8,34.7,-124.5,-54.1
peruvian_match_declarative-broad-focus_Marta-abre-el-regalo,584.5,1515.9,2442.5,114.5,-60.7,19.8,20.3,-59.8,77.9,-59.6,147.3,-37.1,-56.3,-23.1,-51.8,46.7,-18.3,-66.4
peruvian_match_declarative-narrow-focus_Ana-lleva-el-abrigo,473.2,1628.6,2586.1,92,141.8,83.8,8.5,-133,39.1,48.2,23.2,-76.4,94.2,-353.4,-170.4,-33.7,221.6,-11.9
peruvian_match_declarative-narrow-focus_Daniel-iba-a-Bolivia,415.5,1811.4,2631.3,3.1,-49.3,44.6,-17.9,191.7,124.3,-44.2,-13,76.6,110.6,-540.3,-159.9,-34.1,22.7,-60.4
peruvian_match_declarative-narrow-focus_David-leia-el-libro,392.5,1943.9,2621.6,17.8,75.7,102.3,50.4,-385.8,-174.7,12.2,-12.6,-10.9,60.2,-118,7.1,-35.1,17.4,-0.4
peruvian_match_declarative-narrow-focus_Emilio-ama-la-marcha,529.8,1624.1,2517.9,-167.1,347.7,69.1,-44,289.5,110.4,23.2,14.5,8.4,53.9,-126.5,-21.4,29.9,-149.6,-51.1
peruvian_match_declarative-narrow-focus_Manuela-vende-el-carro,523.5,1580.8,2459.7,-62.7,-9.3,133.5,49.1,-317.2,-132.3,-39.4,81.1,65,-34.8,-44.6,12.9,63.5,-111,-51.5
peruvian_match_declarative-narrow-focus_Maria-bebe-el-vino,439.3,1819.6,2602.8,9.5,17.6,-70.1,37.3,-112.7,82.5,-54.9,51,-93.2,76.4,-389.2,-162.7,28,-91.5,-91.5
peruvian_match_declarative-narrow-focus_Mariano-habla-del-tiempo,457,1453.8,2399.2,52.8,30.1,24.9,1.6,-69.8,-7.1,-64.5,207.5,-50.2,26,-191.4,-21.4,9.2,-110.5,2.5
peruvian_match_declarative-narrow-focus_Marta-abre-el-regalo,554.1,1518.7,2473,79.2,-98.1,27.3,32.1,-131.1,26.7,-46.1,156.3,-15.2,-58.7,0.6,-6.3,29.7,-14.5,-77.9
peruvian_match_interrogative-partial-wh_Cuando-bebia-el-vino,424.8,1548,2467.4,-8.3,-201,-31.9,103.8,-453.2,-94.5,-16.1,48.7,1.7,62.2,89.1,-25.7,-14.1,24.6,-26.3
peruvian_match_interrogative-partial-wh_Cuando-leia-el-libro,419.9,1658.4,2487.8,20.1,-257.1,-30.1,52.8,-569.3,-143.3,1.3,41.9,-28.1,72.2,-16.1,-64.5,-24.1,136.2,-19.5
peruvian_match_interrogative-partial-wh_Cuando-lleva-el-abrigo,445.7,1540.7,2503.3,38.5,-108.3,-33.3,-5.1,-247.3,12.1,51.8,10.5,-73,84.8,-283.9,-119.9,-36.9,250.5,0.8
peruvian_match_interrogative-partial-wh_Cuando-vendia-el-carro,506.6,1544.3,2488.8,-72,3.5,143.4,43.9,-558.6,-205.2,112,1.1,-133,-65.8,127.4,53.2,44.3,9.2,-57.4
peruvian_match_interrogative-partial-wh_Por-que-abre-el-regalo,516.2,1580.8,2476.8,23.4,139.7,8,14,-242.8,20.9,-3.4,-77.6,-109,3.6,-333.1,-31.8,45.5,-161.2,-57
peruvian_match_interrogative-partial-wh_Por-que-ama-la-navidad,563.7,1626,2571.9,-19.5,6.1,28.5,7.8,-46,-64.9,-116.4,-129.3,-108.1,96.1,-309.8,-9.4,36.1,-155.5,-25.8
peruvian_match_interrogative-partial-wh_Por-que-hablaba-del-agua,573.9,1505.4,2546.9,-21.9,166.5,-86.1,31.3,-129.4,-12.4,2.7,-76.3,-59.3,11,-310.2,-79.5,21.1,-170.8,-151.2
peruvian_match_interrogative-partial-wh_Por-que-iba-a-Bolivia,430.9,1710.4,2547.4,56.2,-162.9,-52.6,32.7,33.6,-22.8,3.2,-352.2,-171,95.7,-493.8,-146.8,-52.8,167.9,26.3
peruvian_match_interrogative-total-yn_Ana-lleva-el-abrigo,474.2,1554.8,2436.6,91.1,109.5,-56.8,27.9,-211.8,33.3,48.8,152.7,-48.9,120.6,-262.2,-18.6,-32.1,111.3,12.8
peruvian_match_interrogative-total-yn_Daniel-iba-a-Bolivia,431.1,1784.1,2580.9,24.6,43.1,49.8,-30.9,185.1,126.5,-28.7,-36.6,47.5,90.2,-442.1,-103.9,-14.6,104.9,26.2
peruvian_match_interrogative-total-yn_David-leia-el-libro,397,1841.3,2603.1,16.9,116.7,134,58.6,-521.3,-206,10.7,28.9,6.5,40.6,-127.3,47.3,-51.5,60.7,30.7
peruvian_match_interrogative-total-yn_Emilio-ama-la-marcha,521.7,1671.2,2536.9,-113.2,424.5,115.4,-65,280.7,115.8,55.9,46.1,14.8,45.8,-175,-10.2,44.5,-167.1,-32.9
peruvian_match_interrogative-total-yn_Manuela-vende-el-carro,521.2,1535.9,2415.3,-47.1,141.2,125.6,20,-398.4,-155,11.6,84.5,-32.5,-72.8,-17.5,67.6,40.1,-99.3,-84.5
peruvian_match_interrogative-total-yn_Maria-bebe-el-vino,453.6,1730.4,2521.2,20.2,43.5,-60.1,25,-230.6,10.4,-33.3,228.8,52.4,10.2,-311.4,-118.6,70.6,3.8,-22.5
peruvian_match_interrogative-total-yn_Mariano-habla-del-tiempo,483.8,1506.3,2519.9,44,122.3,-75.5,16.2,-181.8,-27.1,-49.4,376.2,48.8,7,-162.2,-21.5,31.9,-215.7,-68.7
peruvian_match_interrogative-total-yn_Marta-abre-el-regalo,564.8,1476.6,2429.8,120.8,12.6,16,32.1,-145.9,36.6,-19.8,214.5,-33.1,-63,-68.9,-7.9,56,-0.6,-51.8
peruvian_mismatch_declarative-broad-focus_El-bebe-comia-muy-bien,466,1781.4,2599.6,-37.8,-74,-147.3,-14.6,156.9,79.4,-21.6,-8.3,-0.6,5.7,-128.4,44.2,-19,18.5,84.6
peruvian_mismatch_declarative-broad-focus_El-hombre-mira-la-luna,440.8,1634.3,2600.7,12.9,104.9,18.5,18.3,-165.5,11,7.3,-33.3,57.2,22.3,219.4,119.8,-105.1,98.2,-5.6
peruvian_mismatch_declarative-broad-focus_El-nino-oye-el-rio,427,1815,2697.6,-11.8,168,76.1,-12.2,150.7,82.2,-24.3,245.2,115.2,36.5,-295.2,-70.8,-20.1,-143.9,-4.9
peruvian_mismatch_declarative-broad-focus_La-maestra-vive-en-Paris,487.7,1698.4,2398.4,73.6,-75.1,-17.3,9.6,-13.2,101.6,-1.2,-72,-65.3,-23,-27.8,59.9,18.2,-154.7,-88.3
peruvian_mismatch_declarative-broad-focus_La-nina-lava-el-plato,522.5,1627,2561.6,-66.8,139.9,27.7,-0.4,12.9,-27.4,-16.6,-0.1,-46.7,43,-145.8,-85.3,71.2,-167.7,-54
peruvian_mismatch_declarative-broad-focus_Mi-madre-come-la-fruta,505.4,1517.6,2489.9,-28.1,97.4,1.8,-41.9,38.6,68.2,-29.3,25.9,6.7,11.7,-0.5,6.3,-89.3,19.1,51.2
peruvian_mismatch_declarative-broad-focus_Mi-novio-viene-del-lago,468.5,1681,2581.9,-105.2,227.5,116.4,65.1,-105.4,0.4,-16.5,173.7,53.8,-63.6,283.8,122.4,5.5,112.7,-36.3
peruvian_mismatch_declarative-broad-focus_Mi-tia-odia-la-lluvia,429.6,1825.4,2804.4,-30.4,258.8,231.4,-96.2,300.3,86.7,-85.7,80.4,20,46.3,-169.3,-94,-1.4,-329.5,-133.6
peruvian_mismatch_declarative-narrow-focus_El-bebe-comia-muy-bien,433.1,1803.4,2608.6,-1.2,-74.7,-145.3,-32.3,111.6,46.2,-13.2,42.8,37.3,24.9,-96,126.1,-28.4,63.7,71.3
peruvian_mismatch_declarative-narrow-focus_El-hombre-mira-la-luna,447.4,1599.8,2563.1,-16.4,134.1,-3,13,-117.3,-13.6,-0.8,-73.5,8.9,27.3,268.5,91,-120.5,155,46.5
peruvian_mismatch_declarative-narrow-focus_El-nino-oye-el-rio,412.8,1782.2,2662,3.7,179.7,51.9,-13.4,159.6,13,-49,267.4,63.6,49.6,-240.5,-41.3,-6.9,-134.5,-20.2
peruvian_mismatch_declarative-narrow-focus_La-maestra-vive-en-Paris,493.3,1641.3,2382.1,12,-57.8,-161.4,54.4,50.9,102.1,-39.9,-130.8,-90.8,-20.8,-34.8,57.2,-42.8,-86.1,-43.3
peruvian_mismatch_declarative-narrow-focus_La-nina-lava-el-plato,517.7,1688.8,2629.7,-68.7,259.1,124.9,-19.6,12.8,73.1,-29.7,38.8,-39.3,63.3,-280.2,-147.5,78.7,-212.5,-97.3
peruvian_mismatch_declarative-narrow-focus_Mi-madre-come-la-fruta,481.5,1515.4,2422.6,-38,126.9,-16.7,-36.5,91.4,84.2,-20.9,44.3,46.1,-4.4,-6.5,44.4,-107.3,12.3,-24.8
peruvian_mismatch_declarative-narrow-focus_Mi-novio-viene-del-lago,475.5,1634,2559.8,-113.9,329.8,94.5,67,-167.1,-20.7,22.1,215.4,72.5,-69.2,175.1,107.4,21.7,199.1,22.4
peruvian_mismatch_declarative-narrow-focus_Mi-tia-odia-la-lluvia,444.4,1787.2,2732.2,-5.4,210.5,148.2,-64.3,264.5,43.9,-51.3,69.1,16.6,37.2,-169.6,-54.2,-18.7,-367.7,-131.3
peruvian_mismatch_interrogative-partial-wh_Cuando-comia-la-fruta,485.9,1416.9,2514.7,-25.9,-108.9,-30.2,1.1,-210.5,-66.6,31.1,-21.5,-49.9,79.9,157.4,-35.9,-65.3,-0.7,83.2
peruvian_mismatch_interrogative-partial-wh_Cuando-lavaba-el-plato,524.1,1328,2453.5,-48.9,-165.5,-9.4,41.5,-124.2,-7,-36.1,96.5,-42.5,11.3,-129.4,-51.7,101,-114.8,-37.3
peruvian_mismatch_interrogative-partial-wh_Cuando-miraba-la-luna,466.5,1432,2499.3,0.2,-93.5,-4,12.4,-107.6,37.7,-24,-188.5,-69.9,100.7,-117.2,-56.7,75.9,-8.7,-100.3
peruvian_mismatch_interrogative-partial-wh_Por-que-desayuna-muy-bien,449,1692.2,2475.5,-7.2,-242.9,-141.5,67.4,7.5,-0.8,-10.2,-247.9,-113,34.1,-231.2,-70.4,-25.4,120.2,55.3
peruvian_mismatch_interrogative-partial-wh_Por-que-odiaba-la-lluvia,471.7,1541.2,2536.9,66.3,-138.1,-109.6,-8.6,33.1,-14.4,-13.2,-79.3,-121.4,73.6,-70.8,-12.5,-74.1,-167.4,-13.2
peruvian_mismatch_interrogative-partial-wh_Por-que-oia-el-rio,438.4,1586.9,2467.5,43.5,-166.4,-98.1,34.7,-72.2,-99.1,-18.1,24.5,31.3,6.4,-366,-36,-55.5,-54.3,54.5
peruvian_mismatch_interrogative-partial-wh_Por-que-venia-del-lago,514.1,1631.6,2547.5,-33.2,147.4,-38.4,82.8,-435.6,-229.8,11.6,-99.4,-24.7,-19.3,-17.2,92.2,18.6,-23,-36.2
peruvian_mismatch_interrogative-partial-wh_Por-que-vivia-en-Paris,428.3,1678,2426.1,49,-27.2,-94.7,34.1,-298.4,-118.6,66.1,-358.2,-139.1,-6.7,76.5,132.6,-77.6,-50.3,1.6
peruvian_mismatch_interrogative-total-yn_El-bebe-comia-muy-bien,425.9,1842.3,2609.3,5.7,-77,-92.5,-55.4,103,-7.1,-7.6,98,57.1,14.3,-46.3,149.5,-3.8,30.5,72.5
peruvian_mismatch_interrogative-total-yn_El-hombre-mira-la-luna,425.6,1631.2,2583.6,-46.8,110.4,1.9,23.2,-58.6,57.5,7,-17.6,44.7,49.1,248.6,80,-53.2,240.9,58.4
peruvian_mismatch_interrogative-total-yn_El-nino-oye-el-rio,423,1712.8,2604.3,-28.7,278.5,114.8,15.1,23.5,17.7,-50.2,283.6,5.9,33,-115.7,12.9,-1.3,-115.7,-47.8
peruvian_mismatch_interrogative-total-yn_La-maestra-vive-en-Paris,472.8,1668.3,2408.6,128.9,-105.6,-64.7,-5.5,23.1,124.6,27.8,-87.2,-29.6,-44.1,-34.6,79.1,-3.1,-81.4,3.1
peruvian_mismatch_interrogative-total-yn_La-nina-lava-el-plato,516.4,1583,2525.7,-21.4,391.8,110.7,-38.3,-88.1,-10.6,0.6,99.9,-85.6,-33.2,-198.4,-103.3,74,-185.2,-94
peruvian_mismatch_interrogative-total-yn_Mi-madre-come-la-fruta,493.1,1564.1,2456.5,-51.3,107.9,-40.5,-44.7,46.2,44.1,-47.9,57.9,30.5,-2.8,3.4,-13.6,-89.2,-12.7,-18.8
peruvian_mismatch_interrogative-total-yn_Mi-novio-viene-del-lago,453.1,1537.8,2492.3,-84.9,254.2,86.8,14.7,-298.8,-92.8,36.6,173,48.4,-48,202.1,140,-5.3,164,19.3
peruvian_mismatch_interrogative-total-yn_Mi-tia-odia-la-lluvia,440.9,1849.8,2731.7,-28.8,264.9,164.1,-39.3,274.7,96.9,-116.8,193.9,43.5,33.9,-49.7,45.4,-10.1,-201.9,-56.6
peruvian_statement_filler_El-nino-habla-con-su-madre,476.1,1460.3,2468.4,-32.8,142.4,116.1,-64.4,256.4,83.3,-71.7,35.9,38.8,48.4,239.8,-20.4,42.9,-40.8,-100.1
puertorican_match_declarative-broad-focus_Ana-lleva-el-abrigo,541.9,1652.8,2345.5,124.4,34.2,-226.2,41.4,-150.6,-127.1,91.7,-58.5,-122.3,54.7,-216.1,-18.7,-47.5,285.1,47.7
puertorican_match_declarative-broad-focus_Daniel-iba-a-Bolivia,496.6,1731.9,2459.9,44.8,-133.9,14.7,-11.7,-30.9,-68.5,-10.9,-380.5,45.9,28.3,-286.6,-62.5,-77.8,205.8,58.9
puertorican_match_declarative-broad-focus_David-leia-el-libro,452.7,1924.7,2594.2,56.4,132.3,104.4,29.4,-273,19.9,-15.5,235.7,176.7,40.7,-95,-39.1,-46.5,153.2,140.8
puertorican_match_declarative-broad-focus_Emilio-ama-la-marcha,553.6,1575.3,2026.7,-14.5,141.4,111.9,-48.4,170,84.5,-25.5,-7.4,-60.1,35,-81,-96.4,1.1,-0.2,1.7
puertorican_match_declarative-broad-focus_Manuela-vende-el-carro,571.4,1520.7,2113.5,-10.2,-104.2,-111.9,24.4,-235.6,-63.1,-23.6,73,157,-112.2,-24.8,50.7,60.5,-21.1,-55.7
puertorican_match_declarative-broad-focus_Maria-bebe-el-vino,452.3,1731.2,2266.6,92.3,160.9,-79.8,5.8,-193.4,-69.1,-52.9,156.2,108.3,5.7,-247.5,-218.5,49.8,-1.7,-32.8
puertorican_match_declarative-broad-focus_Mariano-habla-del-tiempo,518.6,1519.1,2116.8,153,213.4,-183.5,-27.2,-214.9,158.2,-78.5,240.8,11.4,-28.7,-109.3,-20.7,8.6,-84.2,-101.6
puertorican_match_declarative-broad-focus_Marta-abre-el-regalo,588.9,1714.5,2591.4,4.1,131.9,-23.3,-31.5,-133.8,28.5,-32.6,271.3,-65.3,-64.6,-191.5,8.7,79.8,-128.7,-18.5
puertorican_match_declarative-narrow-focus_Ana-lleva-el-abrigo,511.1,1453.3,2129.1,69.8,2.8,-163.4,17.4,-128,35.9,70.2,63.3,-148.1,78.4,-312,-170.4,-13.9,261.2,172.5
puertorican_match_declarative-narrow-focus_Daniel-iba-a-Bolivia,459.7,1892.8,2609.8,27,116.1,196.9,-33.9,285.7,115.3,-37,-42,160.8,46.1,-236.5,4.9,-88.8,276.7,109.6
puertorican_match_declarative-narrow-focus_David-leia-el-libro,459.8,2017.2,2597.6,27.8,187.4,196.6,23.1,-116.7,32.1,-55.5,224.2,222.3,20,44.5,62.5,-83.8,184.9,158.7
puertorican_match_declarative-narrow-focus_Emilio-ama-la-marcha,529.9,1523.5,2061.6,-38.4,84.2,106.1,-52,113.2,117.9,-33.9,-132.7,-36.4,54.5,-103.9,-81.2,5.9,-40.1,20.5
puertorican_match_declarative-narrow-focus_Manuela-vende-el-carro,498.3,1484,2000.3,-18.3,-23.1,-54.9,13.8,-270.2,-85.6,-24.3,72.7,77.9,-79.8,11.6,134.3,91.3,45.9,-36
puertorican_match_declarative-narrow-focus_Maria-bebe-el-vino,481.7,1940.8,2618.9,63.2,23.5,-22.6,4.3,-23.7,114.5,-56.2,-4.6,-10.4,44.8,-207.7,-66.4,-54.2,37.8,12.4
puertorican_match_declarative-narrow-focus_Mariano-habla-del-tiempo,512.8,1490.3,2083.7,91,104.3,-159.2,-37.8,-69,66.1,-45.3,200.9,0.7,12.6,-218,-16.7,-25.4,-41,-31.6
puertorican_match_declarative-narrow-focus_Marta-abre-el-regalo,622.6,1661.2,2598.2,98.2,138.4,100.2,-21.1,-137,120.8,-83.4,262.5,-17.6,-93.3,-177,60.3,24.9,2.9,-12
puertorican_match_interrogative-partial-wh_Cuando-bebia-el-vino,607.5,1653.7,2645.5,64.9,-199.9,-56,-11.8,-326.3,43.8,-18.9,170.8,42.5,31.5,-151.2,-19.2,40,51.6,13.7
puertorican_match_interrogative-partial-wh_Cuando-leia-el-libro,584.4,1578,2673.2,77.4,-28.1,34.8,16.3,-281.7,-121,-28.5,100.1,132.5,11,-101.4,-40.8,31.6,6.2,-46.6
puertorican_match_interrogative-partial-wh_Cuando-lleva-el-abrigo,634.2,1563.5,2604.3,51.5,-1.9,105.3,-86,-232.8,-21.7,36.4,2.3,-57,43.8,-305.3,-18.2,6.9,111.6,13.9
puertorican_match_interrogative-partial-wh_Cuando-vendia-el-carro,619.8,1561.1,2421.3,-1.2,-61.6,-43.6,-24.7,-322.8,-49.9,80.5,36.5,-45.9,-75.6,12.9,-4.8,34.9,40.6,-48
puertorican_match_interrogative-partial-wh_Por-que-abre-el-regalo,615.4,1627.7,2525.2,-51,53.6,78.7,-76.7,-178,33.8,-33.5,6,-39.8,-32.5,-246.9,9.6,114.5,-125,-76
puertorican_match_interrogative-partial-wh_Por-que-ama-la-navidad,637.4,1472.6,2067.1,-3.1,-59.6,170.5,-69.4,16.7,21.7,-103.7,10.4,72.1,31,-132.9,-116.9,-28.6,-39.5,41.8
puertorican_match_interrogative-partial-wh_Por-que-hablaba-del-agua,638.2,1443.8,2607.6,-38.8,125.5,-6.4,-121.9,-109.2,-68.7,-7.9,123,49.3,-16.9,-233.4,34.5,33.9,-70.3,-73.6
puertorican_match_interrogative-partial-wh_Por-que-iba-a-Bolivia,559.9,1626.8,2482.9,28.9,-138.1,27,-68,75.9,-96.3,-57.3,-71.7,65.5,107.5,-404.1,26.4,-10.3,29.9,70.4
puertorican_match_interrogative-total-yn_Ana-lleva-el-abrigo,606.9,1498.8,2024.3,135.1,70.5,-47.1,-18,-11,81.9,113.4,102.3,42.3,45.5,-413.2,-230.8,-17.3,90.2,16.8
puertorican_match_interrogative-total-yn_Daniel-iba-a-Bolivia,530.8,1932.7,2600.2,7.6,221.6,149.4,50.2,17.1,15.4,5.6,-143,27.3,57.5,-76.6,40.2,-121.8,297.8,80.3
puertorican_match_interrogative-total-yn_David-leia-el-libro,483.5,1856.8,2538.2,54.5,154.8,82.6,20.2,-274.3,-89.2,-34.7,89.3,154.2,50.2,-46.6,-10.6,-17.9,60.5,29.7
puertorican_match_interrogative-total-yn_Emilio-ama-la-marcha,567,1577.6,2051,-49.8,122.8,82.3,-84.7,182.2,115.2,-14.7,-61.6,-84.2,75.8,-167.7,-107.9,-11.6,-36.4,-60.9
puertorican_match_interrogative-total-yn_Manuela-vende-el-carro,615,1600.9,2535.7,6.3,31.7,1.7,18.3,-97.9,-82.5,-33.5,109,109.5,-100.9,-45.5,-0.1,58.7,76.5,42.5
puertorican_match_interrogative-total-yn_Maria-bebe-el-vino,557.6,1790.2,2644.4,36.8,51.5,-42.5,-4.7,-43,116,-74.7,38.9,-0.6,95.1,-408.5,-122,19.7,-23.6,-101.2
puertorican_match_interrogative-total-yn_Mariano-habla-del-tiempo,579.2,1495.6,2075.3,134.6,88.3,-66.3,-70.8,3.5,102,-105.5,233.8,86,29.2,-136,-64.8,29.3,-4.3,-36.5
puertorican_match_interrogative-total-yn_Marta-abre-el-regalo,637,1565.3,2540.2,19.1,15.4,28.1,-53.3,-140.4,-16.4,-6.1,83.4,-60.8,-33.3,-200.4,0.4,70,-72,-21.9
puertorican_mismatch_declarative-broad-focus_El-bebe-comia-muy-bien,457.3,1900.7,2651.8,63.8,-213.6,-100.5,-67.4,161.7,3.3,-25.6,115.2,-97.5,31.3,41.9,-35.9,22.4,40.7,71.4
puertorican_mismatch_declarative-broad-focus_El-hombre-mira-la-luna,540.9,1565.2,2618.8,16.9,79.6,24.1,-56.6,-93.9,31.5,46.6,21.1,63.6,43.6,235.7,-75.9,-38.1,35,-5.6
puertorican_mismatch_declarative-broad-focus_El-nino-oye-el-rio,489.8,1934.2,2649.6,26.2,105.2,78.3,-45.1,68.5,-42.8,-29,225,20.2,87.2,-239.8,-22.1,31.4,22.1,34.9
puertorican_mismatch_declarative-broad-focus_La-maestra-vive-en-Paris,504.9,1860.7,2401.9,82.4,-156.3,-258.6,1.2,-63.6,-62.9,-7,-204.4,-76.4,7.8,-47.4,-139.4,56.3,-65.6,80.5
puertorican_mismatch_declarative-broad-focus_La-nina-lava-el-plato,594.9,1616.2,2262.3,35.8,216.8,-24.1,-28.7,-40.8,202.3,-11.9,44.8,-17.3,18.7,-183.1,-159.9,103.9,-66.3,-118
puertorican_mismatch_declarative-broad-focus_Mi-madre-come-la-fruta,564.1,1476.8,2158.1,43.7,120.2,-27.6,-34.7,54.7,21.9,-3,-47.7,27.4,-16,-51.3,-98.6,-116,-64,112.9
puertorican_mismatch_declarative-broad-focus_Mi-novio-viene-del-lago,500.6,1702.8,2598.5,-36.7,223.3,-90.5,15.3,-243.6,118.3,-14.9,275.1,-52.6,-48.4,140.9,121.6,16.2,206.7,-56.5
puertorican_mismatch_declarative-broad-focus_Mi-tia-odia-la-lluvia,474.3,1776.5,2632.2,34,169.4,32,-59.6,176.9,-49.9,-91.2,131.5,11,10.9,53.5,-82.7,-68.6,-285.3,116
puertorican_mismatch_declarative-narrow-focus_El-bebe-comia-muy-bien,458,1930.1,2621.2,65.1,-300.7,-172.5,-38.5,216.5,86.4,-37.2,132.5,-68.4,15.5,-23.7,42.8,44.5,54.3,43.5
puertorican_mismatch_declarative-narrow-focus_El-hombre-mira-la-luna,508.4,1498.3,2479.2,45.8,289.1,-25.9,-76.5,-153.4,11,46,-20.7,124.1,39.5,285,-99.6,-41.3,-12.1,59
puertorican_mismatch_declarative-narrow-focus_El-nino-oye-el-rio,455,1796.9,2628.6,16.1,60.4,5,-61.4,37.1,72.4,-33.2,281.6,-15.1,31.2,-190.1,-58,51.9,75.3,-10.8
puertorican_mismatch_declarative-narrow-focus_La-maestra-vive-en-Paris,515.6,1561.7,2173.7,75,-158.5,-40.3,3.9,79.4,93.7,-12.2,-204.6,-143.5,4.8,130.6,38.9,51.2,-131,-56
puertorican_mismatch_declarative-narrow-focus_La-nina-lava-el-plato,576.3,1745.6,2504.2,-42.1,82.7,-62.1,-8.6,-35.1,46.3,-37.5,-10.5,0.7,36.5,-209.3,-132.6,54,-188.2,-97.6
puertorican_mismatch_declarative-narrow-focus_Mi-madre-come-la-fruta,536.8,1398,1996.7,15.4,64.8,-44.8,-18.8,-4.9,70.5,-22.3,-56,31.1,-66,-96,0.8,-101.3,-53.3,126.8
puertorican_mismatch_declarative-narrow-focus_Mi-novio-viene-del-lago,539.2,1673.3,2543.3,-56.5,194,35.2,-29.5,-173.3,18.2,10.9,222.9,81.8,-13,94.1,86.2,26,69,-86.3
puertorican_mismatch_declarative-narrow-focus_Mi-tia-odia-la-lluvia,491.8,1795.6,2687.9,0.1,124.8,113.6,-89,176,19.9,-81.1,37.1,78.7,25,-126.7,-144.6,-26.1,-214,126.4
puertorican_mismatch_interrogative-partial-wh_Cuando-comia-la-fruta,514.2,1292.7,2097.7,44.6,-110.9,-63.5,-46.1,-91.1,-64.5,27.9,12,152.2,83.8,133.2,-130.6,-20.7,-27.8,109.7
puertorican_mismatch_interrogative-partial-wh_Cuando-lavaba-el-plato,600.9,1461.2,2647.5,35.2,-60.6,-57.3,9,-71,46.1,-6.1,97.7,-11,-19.9,-227.8,-84.8,95.7,-117.3,12.8
puertorican_mismatch_interrogative-partial-wh_Cuando-miraba-la-luna,597.2,1529.6,2578.6,64.4,38.3,58.5,-44.6,-124.1,3.3,52.3,-188.9,38.2,74.3,-96.8,-88.9,-68.8,-12.6,-65.6
puertorican_mismatch_interrogative-partial-wh_Por-que-desayuna-muy-bien,503.8,1881.5,2575.6,93.1,-186.9,-22.1,-70.2,8.8,11.4,-36.3,-201.8,-49.9,-24.5,-37.3,91.2,-28.6,-62.8,-14.9
puertorican_mismatch_interrogative-partial-wh_Por-que-odiaba-la-lluvia,488.3,1654.2,2502,22.1,-56,-6.4,-80.8,10.5,-30.6,-0.5,-97.9,93.5,83.6,-156.7,-89.1,-39.9,-112.4,-3.7
puertorican_mismatch_interrogative-partial-wh_Por-que-oia-el-rio,510.4,1667.9,2323.2,26.9,-34.3,20.6,-35.2,-282.5,-0.1,-45.7,61.1,1.5,28.2,-251.4,-35.4,38.9,-31.3,-16
puertorican_mismatch_interrogative-partial-wh_Por-que-venia-del-lago,567.2,1642.2,2533.5,-8.3,143.6,-15,-45.6,-427.2,-86.5,1,-65.8,21.2,-30.5,-97.9,64.5,32.7,-10.2,-73.9
puertorican_mismatch_interrogative-partial-wh_Por-que-vivia-en-Paris,497.6,1785.2,2371.1,24.4,-162.3,-122.2,-24.1,-130.4,26.5,-1.1,-290.5,30.8,-10,15.2,-29.1,-1.4,-102.9,-9.1
puertorican_mismatch_interrogative-total-yn_El-bebe-comia-muy-bien,554.8,1844,2540.7,22,-130.2,-124.6,-59,184.7,51.4,-21.3,-40.8,20.6,-37,-7.4,89.5,72.1,14.6,-52.4
puertorican_mismatch_interrogative-total-yn_El-hombre-mira-la-luna,544.3,1338.3,2007.5,7.1,49.2,84,-49.2,10.4,82.5,85.3,61.2,-22.7,37.6,259.8,-33.3,-34.3,21.9,34.8
puertorican_mismatch_interrogative-total-yn_El-nino-oye-el-rio,559.7,1915.5,2668.6,62.3,168.3,101.5,-66.2,170.7,11.7,-32.7,85.4,72,52.3,-335.1,-93.1,36,-54.6,-41.3
puertorican_mismatch_interrogative-total-yn_La-maestra-vive-en-Paris,564.1,1617.5,2211.9,83.3,-184.3,-46.3,-44.7,76.5,74.9,5,-264.2,-261.5,8.2,41.6,-23.7,22.7,-137.1,-91.7
puertorican_mismatch_interrogative-total-yn_La-nina-lava-el-plato,614.3,1541.1,2304.6,40.6,297.9,165.6,-18.3,-88.1,-51.6,-11.6,20.9,36.9,-1.5,-264.9,-106.2,137.7,-36.2,26.3
puertorican_mismatch_interrogative-total-yn_Mi-madre-come-la-fruta,588.1,1440.6,2158.2,15.6,121.7,-16.1,-24,53.3,17,-15.3,-34.4,156,-27,-16.5,-69.4,-95.3,-46.4,143
puertorican_mismatch_interrogative-total-yn_Mi-novio-viene-del-lago,604.5,1690.2,2536,-17.3,108.3,-47.8,-21.1,-181.7,1.4,10.1,169.2,49.9,-46.2,129.3,-22.6,-11.6,133.6,-42.9
puertorican_mismatch_interrogative-total-yn_Mi-tia-odia-la-lluvia,570.1,1787.1,2671.7,26.3,277.4,142,-113.9,247,-53.7,-84.5,56,-41.2,83.8,-105.2,-27,-12,-327,-8.9
puertorican_statement_filler_La-nina-pinta-con-su-amiga,517.9,1326.9,2198.9,60.3,307.5,124.4,24.6,80.1,-33.5,-11.1,-68.2,-17.8,12.1,-51.6,-189.7,-42.8,-23.7,-14.1
